{"type":"FeatureCollection","features":[{"type":"Feature","properties":{"sigla":"AC"},"geometry":{"type":"MultiPolygon","coordinates":[[[[-73.6,-7.2],[-72.9,-7.5],[-72.7,-7.6],[-72.2,-7.7],[-72.0,-7.8],[-71.5,-7.9],[-71.2,-7.9],[-70.9,-8.0],[-70.6,-8.1],[-70.4,-8.1],[-69.8,-8.5],[-69.6,-8.6],[-69.4,-8.6],[-69.2,-8.8],[-69.0,-8.9],[-68.8,-9.0],[-68.7,-9.0],[-68.6,-9.0],[-68.2,-9.2],[-67.9,-9.3],[-67.5,-9.5],[-67.3,-9.6],[-67.1,-9.7],[-66.8,-9.8],[-66.7,-9.9],[-66.6,-9.9],[-66.7,-9.9],[-66.7,-10.0],[-66.8,-10.0],[-66.8,-10.1],[-66.9,-10.1],[-66.9,-10.2],[-67.0,-10.2],[-67.0,-10.3],[-67.1,-10.3],[-67.0,-10.3],[-67.1,-10.3],[-67.2,-10.3],[-67.3,-10.3],[-67.3,-10.4],[-67.4,-10.4],[-67.4,-10.5],[-67.5,-10.5],[-67.6,-10.5],[-67.6,-10.6],[-67.7,-10.6],[-67.7,-10.7],[-67.8,-10.7],[-67.8,-10.6],[-67.8,-10.7],[-67.8,-10.6],[-67.9,-10.6],[-67.9,-10.7],[-68.0,-10.7],[-68.0,-10.6],[-68.0,-10.7],[-68.1,-10.7],[-68.1,-10.8],[-68.2,-10.8],[-68.2,-10.9],[-68.2,-11.0],[-68.3,-11.0],[-68.4,-11.0],[-68.4,-11.1],[-68.4,-11.0],[-68.5,-11.0],[-68.5,-11.1],[-68.7,-11.1],[-68.8,-11.1],[-68.8,-11.0],[-68.7,-11.0],[-68.8,-11.0],[-68.9,-11.0],[-69.0,-11.0],[-69.1,-11.0],[-69.2,-11.0],[-69.1,-11.0],[-69.2,-11.0],[-69.2,-10.9],[-69.2,-11.0],[-69.2,-10.9],[-69.2,-11.0],[-69.3,-10.9],[-69.3,-11.0],[-69.3,-10.9],[-69.3,-11.0],[-69.3,-10.9],[-69.4,-10.9],[-69.4,-11.0],[-69.4,-10.9],[-69.5,-10.9],[-69.5,-11.0],[-69.5,-10.9],[-69.5,-11.0],[-69.6,-11.0],[-69.6,-10.9],[-69.6,-11.0],[-69.7,-11.0],[-69.8,-11.0],[-69.8,-10.9],[-69.9,-10.9],[-70.0,-10.9],[-70.0,-11.0],[-70.1,-11.0],[-70.2,-11.0],[-70.2,-11.1],[-70.2,-11.0],[-70.2,-11.1],[-70.2,-11.0],[-70.2,-11.1],[-70.2,-11.0],[-70.3,-11.0],[-70.3,-11.1],[-70.4,-11.1],[-70.4,-11.0],[-70.5,-11.0],[-70.5,-10.9],[-70.6,-11.0],[-70.6,-10.9],[-70.6,-10.7],[-70.6,-10.5],[-70.6,-10.4],[-70.6,-10.1],[-70.6,-10.0],[-70.6,-9.9],[-70.6,-9.8],[-70.5,-9.8],[-70.5,-9.7],[-70.6,-9.7],[-70.6,-9.6],[-70.6,-9.5],[-70.6,-9.6],[-70.6,-9.5],[-70.5,-9.5],[-70.5,-9.4],[-70.6,-9.4],[-70.6,-9.5],[-70.7,-9.5],[-70.7,-9.6],[-70.8,-9.6],[-70.8,-9.7],[-70.9,-9.7],[-71.0,-9.7],[-71.0,-9.8],[-71.1,-9.8],[-71.1,-9.9],[-71.2,-9.9],[-71.2,-10.0],[-71.3,-10.0],[-71.4,-10.0],[-71.8,-10.0],[-71.9,-10.0],[-72.0,-10.0],[-72.1,-10.0],[-72.2,-10.0],[-72.2,-9.9],[-72.1,-9.9],[-72.2,-9.9],[-72.2,-9.8],[-72.3,-9.8],[-72.3,-9.7],[-72.2,-9.7],[-72.3,-9.7],[-72.3,-9.6],[-72.3,-9.5],[-72.4,-9.5],[-72.5,-9.5],[-72.6,-9.5],[-72.6,-9.4],[-72.7,-9.4],[-72.7,-9.5],[-72.7,-9.4],[-72.8,-9.4],[-73.1,-9.4],[-73.2,-9.4],[-73.2,-9.3],[-73.1,-9.3],[-73.1,-9.2],[-73.0,-9.2],[-73.0,-9.1],[-72.9,-9.1],[-72.9,-9.0],[-73.0,-9.0],[-72.9,-9.0],[-73.0,-9.0],[-73.0,-8.9],[-73.1,-8.9],[-73.1,-8.8],[-73.1,-8.7],[-73.2,-8.7],[-73.2,-8.6],[-73.3,-8.6],[-73.3,-8.5],[-73.4,-8.5],[-73.4,-8.4],[-73.5,-8.4],[-73.5,-8.3],[-73.6,-8.3],[-73.6,-8.2],[-73.6,-8.1],[-73.6,-8.0],[-73.7,-8.0],[-73.7,-7.9],[-73.8,-7.9],[-73.7,-7.9],[-73.7,-7.8],[-73.7,-7.7],[-73.8,-7.7],[-73.9,-7.7],[-73.9,-7.6],[-74.0,-7.6],[-74.0,-7.5],[-73.9,-7.5],[-73.9,-7.4],[-74.0,-7.4],[-74.0,-7.3],[-73.9,-7.4],[-73.9,-7.3],[-73.8,-7.3],[-73.7,-7.3],[-73.7,-7.2],[-73.8,-7.2],[-73.8,-7.1],[-73.7,-7.1],[-73.6,-7.2]]]]}},{"type":"Feature","properties":{"sigla":"AL"},"geometry":{"type":"MultiPolygon","coordinates":[[[[-35.5,-8.8],[-35.4,-8.8],[-35.4,-8.9],[-35.3,-8.9],[-35.2,-8.9],[-35.2,-9.0],[-35.2,-9.1],[-35.3,-9.1],[-35.3,-9.2],[-35.4,-9.3],[-35.5,-9.3],[-35.5,-9.4],[-35.5,-9.5],[-35.6,-9.5],[-35.6,-9.6],[-35.7,-9.6],[-35.7,-9.7],[-35.8,-9.7],[-35.8,-9.8],[-35.9,-9.8],[-35.9,-9.9],[-36.0,-9.9],[-36.0,-10.0],[-36.0,-10.1],[-36.1,-10.1],[-36.1,-10.2],[-36.2,-10.2],[-36.3,-10.3],[-36.3,-10.4],[-36.4,-10.4],[-36.4,-10.5],[-36.4,-10.4],[-36.5,-10.4],[-36.6,-10.4],[-36.6,-10.3],[-36.7,-10.3],[-36.7,-10.2],[-36.8,-10.2],[-36.9,-10.2],[-36.9,-10.1],[-37.0,-10.1],[-37.0,-10.0],[-37.1,-10.0],[-37.1,-9.9],[-37.2,-9.9],[-37.3,-9.9],[-37.3,-9.8],[-37.4,-9.8],[-37.5,-9.7],[-37.6,-9.7],[-37.7,-9.7],[-37.7,-9.6],[-37.8,-9.6],[-37.9,-9.5],[-38.0,-9.5],[-38.1,-9.5],[-38.1,-9.4],[-38.2,-9.4],[-38.2,-9.3],[-38.2,-9.2],[-38.1,-9.2],[-38.0,-9.2],[-38.0,-9.1],[-37.9,-9.1],[-37.9,-9.0],[-37.8,-9.0],[-37.8,-8.9],[-37.7,-8.9],[-37.7,-9.0],[-37.6,-9.0],[-37.5,-9.0],[-37.4,-9.0],[-37.4,-9.1],[-37.3,-9.1],[-37.3,-9.2],[-37.2,-9.2],[-37.2,-9.3],[-37.1,-9.3],[-37.1,-9.2],[-37.1,-9.3],[-37.0,-9.3],[-37.0,-9.4],[-36.9,-9.4],[-36.9,-9.3],[-36.8,-9.3],[-36.7,-9.3],[-36.6,-9.3],[-36.5,-9.3],[-36.5,-9.2],[-36.4,-9.2],[-36.3,-9.2],[-36.4,-9.2],[-36.3,-9.2],[-36.2,-9.2],[-36.2,-9.1],[-36.3,-9.1],[-36.2,-9.1],[-36.2,-9.0],[-36.1,-9.0],[-36.1,-8.9],[-36.0,-8.9],[-35.9,-8.9],[-35.8,-8.9],[-35.8,-8.8],[-35.8,-8.9],[-35.7,-8.9],[-35.6,-8.9],[-35.6,-8.8],[-35.5,-8.8]]]]}},{"type":"Feature","properties":{"sigla":"AM"},"geometry":{"type":"MultiPolygon","coordinates":[[[[-67.3,2.0],[-67.3,1.9],[-67.2,1.9],[-67.2,1.8],[-67.1,1.8],[-67.1,1.7],[-67.1,1.6],[-67.1,1.5],[-67.1,1.4],[-67.1,1.3],[-67.1,1.2],[-66.9,1.2],[-66.6,1.0],[-66.3,0.8],[-66.2,0.8],[-66.2,0.7],[-66.1,0.7],[-66.1,0.8],[-66.0,0.8],[-65.9,0.9],[-65.8,0.9],[-65.8,1.0],[-65.8,0.9],[-65.8,1.0],[-65.7,1.0],[-65.6,1.0],[-65.5,1.0],[-65.5,0.9],[-65.5,0.8],[-65.6,0.8],[-65.6,0.7],[-65.5,0.7],[-65.5,0.6],[-65.5,0.7],[-65.4,0.7],[-65.4,0.8],[-65.4,0.9],[-65.3,0.9],[-65.2,0.9],[-65.2,1.0],[-65.1,1.0],[-65.2,1.0],[-65.2,1.1],[-65.1,1.1],[-65.2,1.1],[-65.1,1.1],[-65.1,1.2],[-65.1,1.1],[-65.1,1.2],[-65.1,1.1],[-65.0,1.1],[-65.0,1.2],[-64.9,1.2],[-64.9,1.3],[-64.9,1.2],[-64.9,1.3],[-64.8,1.3],[-64.8,1.2],[-64.7,1.2],[-64.7,1.3],[-64.6,1.3],[-64.6,1.4],[-64.5,1.4],[-64.5,1.5],[-64.4,1.5],[-64.3,1.5],[-64.4,1.5],[-64.4,1.4],[-64.3,1.4],[-64.3,1.5],[-64.2,1.5],[-64.2,1.6],[-64.1,1.6],[-64.1,1.7],[-64.1,1.8],[-64.1,1.9],[-64.0,1.9],[-64.0,2.0],[-63.9,2.0],[-63.8,2.0],[-63.7,2.0],[-63.7,2.1],[-63.6,2.1],[-63.5,2.1],[-63.4,2.1],[-63.4,2.2],[-63.3,2.2],[-63.2,2.2],[-63.1,2.2],[-63.1,2.1],[-63.1,2.0],[-63.0,2.0],[-62.9,2.0],[-62.8,2.0],[-62.7,2.0],[-62.7,1.9],[-62.7,1.8],[-62.7,1.7],[-62.8,1.7],[-62.8,1.6],[-62.8,1.5],[-62.7,1.5],[-62.6,1.4],[-62.6,1.3],[-62.6,1.2],[-62.5,1.1],[-62.5,1.0],[-62.4,1.0],[-62.5,0.9],[-62.5,0.8],[-62.5,0.7],[-62.5,0.6],[-62.5,0.5],[-62.5,0.4],[-62.5,0.5],[-62.5,0.4],[-62.4,0.4],[-62.5,0.4],[-62.5,0.3],[-62.5,0.2],[-62.4,0.2],[-62.4,0.1],[-62.4,0.0],[-62.3,0.0],[-62.3,-0.1],[-62.3,-0.2],[-62.2,-0.2],[-62.3,-0.2],[-62.2,-0.2],[-62.2,-0.3],[-62.3,-0.3],[-62.2,-0.3],[-62.2,-0.4],[-62.3,-0.5],[-62.3,-0.6],[-62.3,-0.7],[-62.4,-0.7],[-62.5,-0.7],[-62.5,-0.8],[-62.4,-0.8],[-62.4,-0.9],[-62.3,-0.9],[-62.3,-1.0],[-62.2,-1.0],[-62.1,-1.0],[-62.1,-1.1],[-62.0,-1.1],[-62.0,-1.2],[-62.0,-1.3],[-61.9,-1.3],[-61.9,-1.4],[-61.8,-1.4],[-61.7,-1.4],[-61.6,-1.4],[-61.6,-1.5],[-61.5,-1.5],[-61.5,-1.6],[-61.5,-1.5],[-61.5,-1.4],[-61.6,-1.4],[-61.6,-1.3],[-61.6,-1.2],[-61.6,-1.1],[-61.5,-1.1],[-61.5,-1.0],[-61.6,-1.0],[-61.6,-0.9],[-61.5,-0.9],[-61.5,-0.8],[-61.6,-0.8],[-61.5,-0.8],[-61.5,-0.7],[-61.4,-0.7],[-61.4,-0.6],[-61.3,-0.6],[-61.2,-0.6],[-61.2,-0.5],[-61.1,-0.5],[-61.0,-0.5],[-61.0,-0.6],[-60.9,-0.6],[-60.8,-0.7],[-60.9,-0.7],[-60.8,-0.7],[-60.8,-0.8],[-60.8,-0.9],[-60.7,-0.9],[-60.6,-0.9],[-60.5,-0.9],[-60.5,-0.8],[-60.4,-0.8],[-60.4,-0.7],[-60.3,-0.7],[-60.3,-0.6],[-60.4,-0.6],[-60.4,-0.5],[-60.3,-0.4],[-60.3,-0.3],[-60.3,-0.2],[-60.2,-0.2],[-60.2,-0.1],[-60.2,-0.0],[-60.1,0.0],[-60.1,0.1],[-60.1,0.2],[-60.0,0.2],[-60.0,0.3],[-59.4,0.3],[-59.2,0.3],[-58.9,0.3],[-58.9,-0.0],[-58.9,-0.1],[-58.9,-0.2],[-58.9,-0.3],[-58.8,-0.4],[-58.7,-0.4],[-58.7,-0.5],[-58.7,-0.6],[-58.7,-0.7],[-58.6,-0.7],[-58.6,-0.8],[-58.5,-0.8],[-58.5,-0.9],[-58.4,-0.9],[-58.5,-0.9],[-58.4,-0.9],[-58.5,-0.9],[-58.4,-1.0],[-58.4,-1.1],[-58.3,-1.1],[-58.2,-1.2],[-58.1,-1.2],[-58.1,-1.1],[-58.0,-1.1],[-58.0,-1.2],[-58.0,-1.3],[-58.0,-1.4],[-57.9,-1.4],[-57.8,-1.4],[-57.8,-1.5],[-57.7,-1.5],[-57.7,-1.6],[-57.6,-1.6],[-57.5,-1.6],[-57.5,-1.7],[-57.5,-1.6],[-57.5,-1.7],[-57.4,-1.7],[-57.3,-1.7],[-57.2,-1.7],[-57.2,-1.8],[-57.1,-1.8],[-57.1,-1.9],[-57.0,-1.9],[-57.0,-2.0],[-56.9,-2.0],[-56.8,-2.0],[-56.7,-2.0],[-56.7,-2.1],[-56.8,-2.1],[-56.8,-2.2],[-56.7,-2.2],[-56.6,-2.2],[-56.5,-2.2],[-56.5,-2.1],[-56.5,-2.2],[-56.4,-2.2],[-56.4,-2.1],[-56.3,-2.1],[-56.2,-2.1],[-56.2,-2.0],[-56.1,-2.0],[-56.1,-2.1],[-56.2,-2.1],[-56.2,-2.2],[-56.3,-2.2],[-56.3,-2.3],[-56.4,-2.3],[-56.4,-2.4],[-56.5,-2.4],[-56.4,-2.4],[-56.4,-2.5],[-56.5,-2.6],[-56.8,-3.2],[-56.8,-3.3],[-56.9,-3.5],[-56.9,-3.6],[-57.0,-3.7],[-57.0,-3.8],[-57.5,-4.9],[-57.9,-5.6],[-58.2,-6.2],[-58.3,-6.5],[-58.3,-6.6],[-58.4,-6.6],[-58.4,-6.7],[-58.5,-6.7],[-58.5,-6.8],[-58.4,-6.9],[-58.4,-7.0],[-58.3,-7.0],[-58.3,-7.1],[-58.2,-7.1],[-58.2,-7.2],[-58.2,-7.3],[-58.1,-7.3],[-58.1,-7.4],[-58.2,-7.4],[-58.2,-7.5],[-58.2,-7.6],[-58.2,-7.7],[-58.3,-7.7],[-58.3,-7.8],[-58.4,-7.8],[-58.4,-7.9],[-58.3,-8.0],[-58.3,-8.1],[-58.3,-8.2],[-58.3,-8.3],[-58.4,-8.4],[-58.3,-8.4],[-58.4,-8.4],[-58.4,-8.5],[-58.4,-8.6],[-58.4,-8.7],[-58.3,-8.7],[-58.4,-8.7],[-58.4,-8.8],[-58.5,-8.8],[-59.1,-8.8],[-59.7,-8.8],[-59.9,-8.8],[-60.4,-8.8],[-60.7,-8.8],[-60.8,-8.8],[-61.2,-8.8],[-61.6,-8.8],[-61.6,-8.7],[-61.7,-8.7],[-61.8,-8.7],[-61.8,-8.8],[-61.9,-8.8],[-61.9,-8.9],[-62.0,-8.9],[-62.0,-8.8],[-62.1,-8.8],[-62.2,-8.7],[-62.1,-8.7],[-62.2,-8.7],[-62.2,-8.6],[-62.3,-8.6],[-62.3,-8.5],[-62.4,-8.5],[-62.4,-8.4],[-62.5,-8.3],[-62.5,-8.4],[-62.6,-8.4],[-62.5,-8.3],[-62.6,-8.3],[-62.6,-8.2],[-62.7,-8.2],[-62.7,-8.1],[-62.7,-8.0],[-62.8,-8.0],[-62.9,-8.0],[-63.5,-8.0],[-63.6,-8.0],[-63.7,-8.1],[-63.7,-8.2],[-63.7,-8.3],[-63.8,-8.3],[-63.9,-8.3],[-63.9,-8.4],[-64.0,-8.4],[-63.9,-8.4],[-63.9,-8.5],[-64.0,-8.5],[-63.9,-8.5],[-63.9,-8.6],[-64.0,-8.6],[-64.0,-8.7],[-64.1,-8.7],[-64.1,-8.8],[-64.2,-8.8],[-64.2,-8.9],[-64.1,-8.9],[-64.2,-8.9],[-64.1,-8.9],[-64.1,-9.0],[-64.2,-9.0],[-64.3,-9.0],[-64.3,-8.9],[-64.4,-8.9],[-64.4,-9.0],[-64.5,-9.0],[-64.6,-9.0],[-64.7,-9.0],[-64.8,-9.0],[-64.9,-9.0],[-64.9,-9.1],[-64.9,-9.2],[-64.9,-9.3],[-65.0,-9.3],[-65.0,-9.4],[-65.1,-9.4],[-65.2,-9.4],[-65.2,-9.3],[-65.3,-9.3],[-65.4,-9.3],[-65.4,-9.4],[-65.5,-9.4],[-65.4,-9.4],[-65.4,-9.5],[-65.5,-9.5],[-65.5,-9.4],[-65.6,-9.4],[-65.7,-9.4],[-65.7,-9.5],[-65.7,-9.6],[-65.8,-9.6],[-65.8,-9.5],[-65.9,-9.5],[-65.9,-9.4],[-66.0,-9.4],[-66.1,-9.4],[-66.2,-9.4],[-66.3,-9.4],[-66.4,-9.4],[-66.4,-9.5],[-66.4,-9.6],[-66.5,-9.6],[-66.5,-9.7],[-66.6,-9.7],[-66.7,-9.7],[-66.7,-9.8],[-66.8,-9.8],[-67.1,-9.7],[-67.3,-9.6],[-67.5,-9.5],[-67.9,-9.3],[-68.2,-9.2],[-68.6,-9.0],[-68.7,-9.0],[-68.8,-9.0],[-69.0,-8.9],[-69.2,-8.8],[-69.4,-8.6],[-69.6,-8.6],[-69.8,-8.5],[-70.4,-8.1],[-70.6,-8.1],[-70.9,-8.0],[-71.2,-7.9],[-71.5,-7.9],[-72.0,-7.8],[-72.2,-7.7],[-72.7,-7.6],[-72.9,-7.5],[-73.6,-7.2],[-73.7,-7.1],[-73.8,-7.1],[-73.7,-7.1],[-73.7,-7.0],[-73.8,-6.9],[-73.7,-6.9],[-73.7,-6.8],[-73.6,-6.8],[-73.6,-6.7],[-73.5,-6.7],[-73.4,-6.7],[-73.4,-6.6],[-73.3,-6.6],[-73.2,-6.6],[-73.2,-6.5],[-73.1,-6.5],[-73.1,-6.4],[-73.1,-6.3],[-73.2,-6.3],[-73.2,-6.2],[-73.2,-6.1],[-73.3,-6.1],[-73.2,-6.1],[-73.2,-6.0],[-73.2,-5.9],[-73.1,-5.9],[-73.1,-5.8],[-73.0,-5.8],[-73.0,-5.7],[-73.0,-5.6],[-73.0,-5.5],[-72.9,-5.5],[-73.0,-5.4],[-72.9,-5.4],[-72.9,-5.3],[-72.9,-5.2],[-72.9,-5.1],[-72.8,-5.1],[-72.7,-5.1],[-72.6,-5.1],[-72.6,-5.0],[-72.5,-5.0],[-72.5,-4.9],[-72.5,-5.0],[-72.5,-4.9],[-72.5,-5.0],[-72.5,-4.9],[-72.4,-4.9],[-72.4,-4.8],[-72.3,-4.8],[-72.2,-4.8],[-72.2,-4.7],[-72.1,-4.7],[-72.0,-4.7],[-72.0,-4.6],[-71.9,-4.6],[-71.9,-4.5],[-71.8,-4.5],[-71.7,-4.5],[-71.8,-4.5],[-71.7,-4.5],[-71.6,-4.5],[-71.5,-4.5],[-71.5,-4.4],[-71.5,-4.5],[-71.5,-4.4],[-71.4,-4.5],[-71.4,-4.4],[-71.3,-4.4],[-71.3,-4.5],[-71.3,-4.4],[-71.2,-4.4],[-71.1,-4.4],[-71.0,-4.4],[-71.1,-4.4],[-71.0,-4.4],[-71.0,-4.3],[-71.0,-4.4],[-70.9,-4.4],[-70.9,-4.3],[-70.8,-4.3],[-70.9,-4.3],[-70.9,-4.2],[-70.8,-4.3],[-70.8,-4.2],[-70.7,-4.2],[-70.7,-4.1],[-70.7,-4.2],[-70.7,-4.1],[-70.6,-4.1],[-70.6,-4.2],[-70.5,-4.1],[-70.5,-4.2],[-70.4,-4.2],[-70.4,-4.1],[-70.4,-4.2],[-70.3,-4.2],[-70.3,-4.1],[-70.3,-4.2],[-70.3,-4.3],[-70.2,-4.3],[-70.2,-4.4],[-70.2,-4.3],[-70.1,-4.3],[-70.0,-4.3],[-70.0,-4.4],[-70.0,-4.3],[-70.0,-4.2],[-69.9,-4.2],[-69.9,-4.0],[-69.8,-3.7],[-69.8,-3.6],[-69.8,-3.5],[-69.8,-3.4],[-69.8,-3.3],[-69.7,-3.2],[-69.7,-3.1],[-69.7,-3.0],[-69.7,-2.9],[-69.6,-2.4],[-69.6,-2.3],[-69.6,-2.2],[-69.6,-2.1],[-69.5,-2.1],[-69.5,-2.0],[-69.5,-1.9],[-69.5,-1.7],[-69.5,-1.5],[-69.4,-1.5],[-69.4,-1.4],[-69.4,-1.3],[-69.4,-1.2],[-69.4,-1.1],[-69.4,-1.0],[-69.5,-1.0],[-69.5,-0.9],[-69.6,-0.8],[-69.6,-0.7],[-69.6,-0.6],[-69.6,-0.5],[-69.7,-0.5],[-69.7,-0.4],[-69.8,-0.4],[-69.8,-0.3],[-69.9,-0.3],[-70.0,-0.3],[-70.0,-0.2],[-70.1,-0.2],[-70.0,-0.1],[-70.0,-0.0],[-70.0,0.1],[-70.0,0.6],[-70.0,0.5],[-70.0,0.6],[-69.9,0.6],[-69.8,0.6],[-69.7,0.6],[-69.7,0.7],[-69.6,0.7],[-69.6,0.6],[-69.6,0.7],[-69.5,0.7],[-69.4,0.7],[-69.4,0.6],[-69.3,0.6],[-69.2,0.6],[-69.2,0.7],[-69.1,0.6],[-69.1,0.7],[-69.2,0.7],[-69.2,0.8],[-69.1,0.8],[-69.2,0.8],[-69.2,0.9],[-69.1,0.9],[-69.2,0.9],[-69.2,1.0],[-69.2,1.1],[-69.3,1.1],[-69.4,1.1],[-69.5,1.1],[-69.6,1.1],[-69.7,1.1],[-69.8,1.1],[-69.8,1.5],[-69.8,1.6],[-69.8,1.7],[-69.7,1.7],[-69.6,1.7],[-69.6,1.8],[-69.5,1.8],[-69.4,1.8],[-69.4,1.7],[-69.2,1.7],[-69.1,1.7],[-69.0,1.7],[-68.5,1.7],[-68.2,1.7],[-68.2,1.8],[-68.3,1.8],[-68.3,1.9],[-68.2,1.9],[-68.2,2.0],[-68.1,2.0],[-68.1,1.9],[-68.0,1.9],[-68.0,1.8],[-67.9,1.8],[-67.9,1.9],[-67.8,1.9],[-67.8,2.0],[-67.7,2.0],[-67.6,2.0],[-67.6,2.1],[-67.5,2.1],[-67.5,2.2],[-67.4,2.2],[-67.3,2.2],[-67.3,2.1],[-67.3,2.0]]]]}},{"type":"Feature","properties":{"sigla":"AP"},"geometry":{"type":"MultiPolygon","coordinates":[[[[-51.2,4.0],[-51.2,3.9],[-51.1,3.9],[-51.1,3.8],[-51.1,3.7],[-51.1,3.6],[-51.1,3.5],[-51.1,3.4],[-51.1,3.3],[-51.0,3.3],[-51.0,3.2],[-51.0,3.1],[-51.0,3.0],[-51.0,2.9],[-50.9,2.9],[-50.9,2.8],[-50.9,2.7],[-50.9,2.6],[-50.8,2.6],[-50.8,2.5],[-50.9,2.5],[-50.8,2.5],[-50.8,2.4],[-50.7,2.4],[-50.7,2.3],[-50.7,2.2],[-50.7,2.1],[-50.7,2.2],[-50.6,2.2],[-50.5,2.2],[-50.4,2.2],[-50.4,2.1],[-50.3,2.1],[-50.4,2.1],[-50.3,2.1],[-50.3,2.0],[-50.3,1.9],[-50.2,1.8],[-50.1,1.8],[-50.0,1.8],[-49.9,1.7],[-49.9,1.6],[-49.9,1.5],[-49.9,1.4],[-49.9,1.3],[-49.9,1.2],[-49.9,1.1],[-49.9,1.0],[-50.0,1.0],[-50.0,0.9],[-50.1,0.9],[-50.1,0.8],[-50.1,0.7],[-50.2,0.7],[-50.3,0.7],[-50.4,0.6],[-50.5,0.6],[-50.5,0.5],[-50.5,0.4],[-50.5,0.3],[-50.6,0.3],[-50.6,0.2],[-50.7,0.2],[-50.7,0.1],[-50.8,0.1],[-50.9,0.1],[-51.0,0.0],[-51.1,-0.1],[-51.2,-0.1],[-51.3,-0.2],[-51.3,-0.3],[-51.4,-0.3],[-51.4,-0.4],[-51.4,-0.5],[-51.5,-0.5],[-51.5,-0.6],[-51.6,-0.6],[-51.6,-0.7],[-51.7,-0.8],[-51.7,-0.9],[-51.7,-1.0],[-51.7,-1.1],[-51.8,-1.1],[-51.8,-1.2],[-51.9,-1.2],[-51.9,-1.1],[-51.9,-1.2],[-52.0,-1.2],[-52.0,-1.1],[-52.0,-1.2],[-52.1,-1.2],[-52.0,-1.2],[-52.1,-1.2],[-52.1,-1.1],[-52.2,-1.1],[-52.3,-1.1],[-52.4,-1.1],[-52.4,-1.0],[-52.4,-1.1],[-52.4,-1.0],[-52.4,-0.9],[-52.4,-0.8],[-52.5,-0.8],[-52.5,-0.9],[-52.5,-0.8],[-52.5,-0.7],[-52.5,-0.6],[-52.6,-0.6],[-52.7,-0.5],[-52.7,-0.4],[-52.7,-0.3],[-52.8,-0.3],[-52.8,-0.2],[-52.9,-0.1],[-52.9,-0.2],[-52.9,-0.1],[-53.0,-0.1],[-53.0,-0.0],[-53.0,0.1],[-53.1,0.2],[-53.1,0.3],[-53.2,0.4],[-53.2,0.5],[-53.1,0.5],[-53.1,0.6],[-53.2,0.6],[-53.1,0.6],[-53.1,0.7],[-53.2,0.7],[-53.2,0.8],[-53.3,0.8],[-53.3,0.9],[-53.4,0.9],[-53.4,1.0],[-53.4,1.1],[-53.5,1.1],[-53.4,1.2],[-53.4,1.1],[-53.4,1.2],[-53.5,1.2],[-53.5,1.3],[-53.6,1.3],[-53.5,1.3],[-53.6,1.4],[-53.6,1.3],[-53.6,1.4],[-53.6,1.3],[-53.7,1.3],[-53.7,1.4],[-53.6,1.4],[-53.7,1.4],[-53.8,1.4],[-53.9,1.4],[-53.8,1.4],[-53.9,1.4],[-53.9,1.5],[-53.9,1.4],[-53.9,1.5],[-54.0,1.5],[-54.1,1.5],[-54.1,1.6],[-54.2,1.6],[-54.2,1.7],[-54.2,1.6],[-54.2,1.7],[-54.3,1.7],[-54.4,1.7],[-54.4,1.8],[-54.4,1.7],[-54.4,1.8],[-54.5,1.8],[-54.5,1.7],[-54.5,1.8],[-54.5,1.7],[-54.5,1.8],[-54.6,1.8],[-54.7,1.8],[-54.8,1.8],[-54.7,1.8],[-54.8,1.8],[-54.7,1.8],[-54.8,1.9],[-54.8,2.0],[-54.8,2.1],[-54.8,2.2],[-54.8,2.3],[-54.8,2.4],[-54.9,2.4],[-54.8,2.4],[-54.7,2.5],[-54.7,2.4],[-54.7,2.3],[-54.6,2.3],[-54.4,2.2],[-54.2,2.2],[-54.0,2.2],[-53.9,2.2],[-53.9,2.3],[-53.8,2.3],[-53.8,2.4],[-53.7,2.4],[-53.8,2.4],[-53.7,2.4],[-53.7,2.3],[-53.6,2.3],[-53.5,2.3],[-53.4,2.3],[-53.4,2.4],[-53.3,2.4],[-53.3,2.3],[-53.2,2.3],[-53.2,2.2],[-53.3,2.2],[-53.3,2.3],[-53.3,2.2],[-53.2,2.2],[-53.1,2.2],[-53.0,2.2],[-52.9,2.2],[-52.9,2.3],[-52.8,2.3],[-52.7,2.3],[-52.7,2.4],[-52.6,2.4],[-52.6,2.5],[-52.6,2.6],[-52.5,2.6],[-52.6,2.6],[-52.5,2.6],[-52.6,2.6],[-52.5,2.6],[-52.5,2.7],[-52.5,2.8],[-52.4,2.8],[-52.4,2.9],[-52.4,3.0],[-52.3,3.0],[-52.3,3.1],[-52.4,3.1],[-52.3,3.1],[-52.3,3.2],[-52.3,3.3],[-52.3,3.2],[-52.2,3.2],[-52.2,3.3],[-52.2,3.4],[-52.1,3.4],[-52.1,3.5],[-52.0,3.5],[-52.0,3.6],[-52.0,3.7],[-51.9,3.7],[-51.9,3.8],[-51.8,3.8],[-51.8,3.9],[-51.8,4.0],[-51.7,4.0],[-51.6,4.0],[-51.6,4.1],[-51.6,4.2],[-51.6,4.3],[-51.6,4.4],[-51.5,4.4],[-51.4,4.4],[-51.4,4.3],[-51.3,4.3],[-51.3,4.2],[-51.2,4.2],[-51.2,4.1],[-51.2,4.0]]]]}},{"type":"Feature","properties":{"sigla":"BA"},"geometry":{"type":"MultiPolygon","coordinates":[[[[-39.3,-8.6],[-39.2,-8.6],[-39.2,-8.7],[-39.1,-8.7],[-39.0,-8.7],[-39.0,-8.8],[-38.9,-8.8],[-38.8,-8.8],[-38.7,-8.8],[-38.7,-8.9],[-38.7,-9.0],[-38.6,-9.0],[-38.6,-8.9],[-38.6,-8.8],[-38.5,-8.8],[-38.5,-8.9],[-38.5,-9.0],[-38.4,-9.0],[-38.3,-9.0],[-38.3,-9.1],[-38.3,-9.2],[-38.3,-9.3],[-38.2,-9.3],[-38.2,-9.4],[-38.1,-9.4],[-38.1,-9.5],[-38.0,-9.5],[-38.0,-9.6],[-38.0,-9.7],[-38.0,-9.6],[-38.0,-9.7],[-38.0,-9.8],[-38.0,-9.9],[-38.0,-10.0],[-37.9,-10.0],[-37.8,-10.0],[-37.8,-10.1],[-37.8,-10.2],[-37.7,-10.3],[-37.8,-10.3],[-37.8,-10.4],[-37.9,-10.4],[-37.8,-10.5],[-37.8,-10.6],[-37.8,-10.5],[-37.8,-10.6],[-37.8,-10.7],[-38.0,-10.8],[-38.0,-10.7],[-38.1,-10.7],[-38.2,-10.7],[-38.2,-10.8],[-38.2,-10.9],[-38.2,-11.0],[-38.1,-11.0],[-38.1,-11.1],[-38.1,-11.2],[-38.0,-11.2],[-38.0,-11.3],[-38.0,-11.4],[-37.9,-11.4],[-37.8,-11.4],[-37.9,-11.4],[-37.9,-11.5],[-37.8,-11.5],[-37.7,-11.5],[-37.7,-11.6],[-37.7,-11.5],[-37.7,-11.6],[-37.7,-11.5],[-37.7,-11.6],[-37.7,-11.5],[-37.6,-11.5],[-37.6,-11.6],[-37.6,-11.5],[-37.6,-11.6],[-37.6,-11.5],[-37.5,-11.5],[-37.4,-11.5],[-37.4,-11.4],[-37.3,-11.4],[-37.3,-11.5],[-37.4,-11.5],[-37.4,-11.6],[-37.5,-11.6],[-37.5,-11.7],[-37.6,-11.8],[-37.6,-11.9],[-37.6,-12.0],[-37.7,-12.0],[-37.7,-12.1],[-37.7,-12.2],[-37.8,-12.2],[-37.8,-12.3],[-37.9,-12.4],[-37.9,-12.5],[-38.0,-12.5],[-38.0,-12.6],[-38.1,-12.6],[-38.1,-12.7],[-38.2,-12.8],[-38.2,-12.9],[-38.3,-12.9],[-38.3,-13.0],[-38.4,-13.0],[-38.4,-12.9],[-38.4,-13.0],[-38.5,-13.0],[-38.6,-13.0],[-38.6,-12.9],[-38.6,-13.0],[-38.7,-13.0],[-38.7,-13.1],[-38.8,-13.1],[-38.8,-13.2],[-38.9,-13.2],[-39.0,-13.3],[-39.0,-13.4],[-38.9,-13.4],[-38.9,-13.5],[-38.9,-13.6],[-38.9,-13.7],[-39.0,-13.7],[-39.0,-13.8],[-39.0,-13.9],[-38.9,-13.9],[-38.9,-14.0],[-39.0,-14.0],[-39.0,-14.1],[-39.0,-14.2],[-39.0,-14.3],[-39.0,-14.4],[-39.0,-14.5],[-39.0,-14.6],[-39.1,-14.6],[-39.1,-14.7],[-39.1,-14.8],[-39.0,-14.8],[-39.0,-14.9],[-39.0,-15.0],[-39.0,-15.1],[-39.0,-15.2],[-39.0,-15.3],[-39.0,-15.4],[-39.0,-15.5],[-38.9,-15.5],[-38.9,-15.6],[-38.9,-15.7],[-38.9,-15.8],[-38.9,-15.9],[-38.9,-16.0],[-38.9,-16.1],[-39.0,-16.1],[-38.9,-16.2],[-39.0,-16.2],[-39.0,-16.3],[-39.0,-16.4],[-39.1,-16.4],[-39.1,-16.5],[-39.1,-16.6],[-39.1,-16.7],[-39.1,-16.8],[-39.1,-16.7],[-39.1,-16.8],[-39.1,-16.9],[-39.2,-16.9],[-39.2,-17.0],[-39.2,-17.1],[-39.2,-17.2],[-39.2,-17.3],[-39.2,-17.4],[-39.2,-17.5],[-39.2,-17.6],[-39.2,-17.7],[-39.1,-17.7],[-39.2,-17.7],[-39.2,-17.8],[-39.3,-17.8],[-39.3,-17.9],[-39.4,-17.9],[-39.5,-18.0],[-39.5,-18.1],[-39.6,-18.1],[-39.6,-18.2],[-39.6,-18.3],[-39.7,-18.3],[-39.8,-18.2],[-39.9,-18.2],[-40.2,-18.0],[-40.3,-17.9],[-40.2,-17.9],[-40.2,-17.8],[-40.2,-17.7],[-40.3,-17.7],[-40.3,-17.6],[-40.4,-17.6],[-40.5,-17.6],[-40.5,-17.5],[-40.5,-17.4],[-40.6,-17.4],[-40.6,-17.3],[-40.5,-17.3],[-40.6,-17.3],[-40.6,-17.2],[-40.6,-17.1],[-40.6,-17.0],[-40.5,-17.0],[-40.5,-16.9],[-40.4,-16.9],[-40.3,-16.9],[-40.3,-16.8],[-40.2,-16.8],[-40.3,-16.8],[-40.3,-16.7],[-40.3,-16.6],[-40.2,-16.6],[-40.2,-16.5],[-40.1,-16.5],[-40.1,-16.4],[-40.1,-16.5],[-40.1,-16.4],[-40.0,-16.4],[-40.0,-16.3],[-39.9,-16.3],[-39.9,-16.2],[-39.9,-16.1],[-39.9,-16.0],[-40.0,-16.0],[-40.1,-16.0],[-40.1,-15.9],[-40.2,-15.9],[-40.2,-15.8],[-40.3,-15.8],[-40.4,-15.8],[-40.5,-15.8],[-40.6,-15.8],[-40.6,-15.7],[-40.7,-15.7],[-40.8,-15.7],[-40.8,-15.6],[-40.8,-15.7],[-40.9,-15.7],[-41.0,-15.6],[-41.0,-15.7],[-41.1,-15.7],[-41.1,-15.8],[-41.2,-15.8],[-41.2,-15.7],[-41.3,-15.7],[-41.3,-15.6],[-41.4,-15.5],[-41.5,-15.4],[-41.6,-15.3],[-41.8,-15.1],[-41.9,-15.1],[-41.9,-15.2],[-42.0,-15.2],[-42.1,-15.2],[-42.1,-15.1],[-42.2,-15.1],[-42.3,-15.1],[-42.4,-15.1],[-42.4,-15.0],[-42.5,-15.0],[-42.6,-15.0],[-42.6,-14.9],[-42.7,-14.9],[-42.8,-14.8],[-42.9,-14.8],[-42.9,-14.7],[-43.0,-14.7],[-43.1,-14.7],[-43.2,-14.7],[-43.2,-14.6],[-43.2,-14.7],[-43.3,-14.7],[-43.4,-14.7],[-43.5,-14.7],[-43.5,-14.8],[-43.6,-14.8],[-43.6,-14.7],[-43.7,-14.7],[-43.8,-14.7],[-43.9,-14.7],[-43.9,-14.6],[-43.9,-14.5],[-43.8,-14.5],[-43.8,-14.4],[-43.8,-14.3],[-43.9,-14.3],[-44.0,-14.3],[-44.1,-14.3],[-44.2,-14.3],[-44.2,-14.2],[-44.2,-14.3],[-44.3,-14.3],[-44.3,-14.2],[-44.3,-14.3],[-44.3,-14.2],[-44.3,-14.3],[-44.3,-14.2],[-44.3,-14.3],[-44.4,-14.3],[-44.3,-14.3],[-44.4,-14.3],[-44.5,-14.3],[-44.6,-14.3],[-44.6,-14.4],[-44.7,-14.4],[-44.7,-14.5],[-44.7,-14.4],[-44.7,-14.5],[-44.8,-14.5],[-44.8,-14.6],[-44.9,-14.6],[-44.8,-14.6],[-44.9,-14.6],[-45.0,-14.6],[-45.0,-14.7],[-45.1,-14.7],[-45.1,-14.8],[-45.1,-14.7],[-45.2,-14.7],[-45.2,-14.8],[-45.3,-14.8],[-45.3,-14.9],[-45.4,-14.9],[-45.3,-14.9],[-45.4,-14.9],[-45.5,-14.9],[-45.4,-14.9],[-45.5,-14.9],[-45.5,-15.0],[-45.5,-14.9],[-45.5,-15.0],[-45.5,-14.9],[-45.5,-15.0],[-45.5,-14.9],[-45.6,-14.9],[-45.6,-15.0],[-45.7,-15.0],[-45.7,-15.1],[-45.8,-15.1],[-45.9,-15.1],[-45.9,-15.2],[-45.9,-15.1],[-46.0,-15.1],[-46.0,-15.2],[-46.1,-15.2],[-46.1,-15.3],[-46.1,-15.2],[-46.0,-15.2],[-46.0,-15.1],[-46.0,-15.0],[-46.0,-14.9],[-46.0,-14.8],[-46.1,-14.8],[-46.0,-14.8],[-46.0,-14.7],[-46.0,-14.6],[-46.0,-14.5],[-46.0,-14.4],[-45.9,-14.4],[-45.9,-14.3],[-45.9,-14.4],[-45.9,-14.3],[-46.0,-14.3],[-46.0,-14.2],[-46.1,-14.2],[-46.2,-14.2],[-46.2,-14.1],[-46.3,-14.1],[-46.2,-14.1],[-46.2,-14.0],[-46.3,-14.0],[-46.3,-13.9],[-46.2,-13.8],[-46.3,-13.8],[-46.2,-13.8],[-46.2,-13.7],[-46.3,-13.7],[-46.2,-13.7],[-46.3,-13.7],[-46.2,-13.7],[-46.2,-13.6],[-46.2,-13.5],[-46.2,-13.4],[-46.1,-13.4],[-46.1,-13.3],[-46.0,-13.3],[-46.1,-13.3],[-46.2,-13.3],[-46.3,-13.3],[-46.3,-13.2],[-46.3,-13.1],[-46.3,-13.0],[-46.2,-13.0],[-46.1,-13.0],[-46.1,-12.9],[-46.2,-12.9],[-46.3,-12.9],[-46.3,-12.8],[-46.3,-12.7],[-46.3,-12.6],[-46.3,-12.5],[-46.2,-12.5],[-46.3,-12.5],[-46.2,-12.5],[-46.2,-12.4],[-46.3,-12.4],[-46.3,-12.3],[-46.4,-12.3],[-46.3,-12.3],[-46.4,-12.3],[-46.4,-12.2],[-46.4,-12.1],[-46.4,-12.0],[-46.3,-12.0],[-46.3,-11.9],[-46.2,-11.9],[-46.3,-11.9],[-46.4,-11.9],[-46.4,-11.8],[-46.3,-11.8],[-46.4,-11.8],[-46.3,-11.8],[-46.4,-11.8],[-46.4,-11.7],[-46.3,-11.7],[-46.3,-11.6],[-46.2,-11.6],[-46.2,-11.7],[-46.1,-11.7],[-46.1,-11.6],[-46.2,-11.6],[-46.3,-11.6],[-46.3,-11.5],[-46.4,-11.5],[-46.5,-11.5],[-46.5,-11.4],[-46.6,-11.4],[-46.6,-11.3],[-46.6,-11.2],[-46.5,-11.2],[-46.4,-11.1],[-46.4,-11.0],[-46.3,-10.9],[-46.3,-10.8],[-46.2,-10.8],[-46.3,-10.8],[-46.2,-10.7],[-46.2,-10.6],[-46.1,-10.6],[-46.0,-10.6],[-46.0,-10.5],[-45.9,-10.5],[-45.9,-10.4],[-45.8,-10.4],[-45.7,-10.3],[-45.7,-10.2],[-45.7,-10.1],[-45.6,-10.1],[-45.6,-10.2],[-45.5,-10.2],[-45.5,-10.3],[-45.4,-10.4],[-45.4,-10.5],[-45.4,-10.6],[-45.4,-10.7],[-45.3,-10.8],[-45.2,-10.8],[-45.1,-10.8],[-45.0,-10.9],[-44.9,-10.9],[-44.8,-10.9],[-44.8,-10.8],[-44.7,-10.8],[-44.7,-10.7],[-44.6,-10.7],[-44.6,-10.6],[-44.5,-10.6],[-44.4,-10.6],[-44.3,-10.5],[-44.3,-10.6],[-44.2,-10.6],[-44.1,-10.6],[-44.1,-10.5],[-44.0,-10.5],[-44.0,-10.4],[-43.9,-10.4],[-43.9,-10.3],[-43.8,-10.3],[-43.8,-10.2],[-43.8,-10.1],[-43.7,-10.1],[-43.7,-10.0],[-43.7,-9.9],[-43.7,-9.8],[-43.8,-9.8],[-43.8,-9.7],[-43.8,-9.6],[-43.9,-9.6],[-43.8,-9.5],[-43.8,-9.4],[-43.7,-9.4],[-43.6,-9.4],[-43.6,-9.3],[-43.5,-9.3],[-43.4,-9.3],[-43.4,-9.4],[-43.3,-9.4],[-43.2,-9.4],[-43.1,-9.4],[-43.0,-9.4],[-43.0,-9.5],[-42.9,-9.5],[-42.9,-9.6],[-42.8,-9.5],[-42.8,-9.6],[-42.7,-9.6],[-42.7,-9.5],[-42.6,-9.5],[-42.5,-9.5],[-42.4,-9.5],[-42.4,-9.4],[-42.4,-9.3],[-42.3,-9.3],[-42.2,-9.3],[-42.1,-9.3],[-42.0,-9.3],[-42.0,-9.2],[-42.0,-9.3],[-42.0,-9.2],[-42.0,-9.3],[-41.9,-9.3],[-41.9,-9.2],[-41.8,-9.2],[-41.8,-9.1],[-41.7,-9.1],[-41.7,-9.0],[-41.6,-9.0],[-41.5,-9.0],[-41.5,-8.9],[-41.5,-8.8],[-41.4,-8.8],[-41.4,-8.7],[-41.3,-8.7],[-41.2,-8.7],[-41.1,-8.7],[-41.1,-8.8],[-41.0,-8.8],[-40.9,-8.8],[-40.9,-8.9],[-40.9,-9.0],[-40.8,-9.0],[-40.8,-9.1],[-40.7,-9.1],[-40.7,-9.2],[-40.7,-9.3],[-40.8,-9.3],[-40.7,-9.3],[-40.7,-9.4],[-40.8,-9.4],[-40.8,-9.5],[-40.8,-9.4],[-40.7,-9.4],[-40.7,-9.5],[-40.6,-9.5],[-40.5,-9.4],[-40.4,-9.4],[-40.3,-9.4],[-40.3,-9.3],[-40.3,-9.2],[-40.3,-9.1],[-40.2,-9.1],[-40.1,-9.1],[-40.0,-9.1],[-40.0,-9.0],[-39.9,-9.0],[-39.9,-8.9],[-39.9,-8.8],[-39.8,-8.8],[-39.7,-8.8],[-39.7,-8.7],[-39.6,-8.7],[-39.6,-8.6],[-39.5,-8.6],[-39.4,-8.6],[-39.4,-8.5],[-39.3,-8.6]]]]}},{"type":"Feature","properties":{"sigla":"CE"},"geometry":{"type":"MultiPolygon","coordinates":[[[[-40.0,-2.8],[-40.0,-2.9],[-40.0,-2.8],[-40.0,-2.9],[-39.9,-2.9],[-39.8,-2.9],[-39.8,-3.0],[-39.7,-3.0],[-39.6,-3.0],[-39.6,-3.1],[-39.5,-3.1],[-39.4,-3.1],[-39.4,-3.2],[-39.3,-3.2],[-39.2,-3.2],[-39.2,-3.3],[-39.1,-3.3],[-39.1,-3.4],[-39.0,-3.4],[-38.9,-3.4],[-38.9,-3.5],[-38.8,-3.5],[-38.8,-3.6],[-38.7,-3.6],[-38.7,-3.7],[-38.6,-3.7],[-38.5,-3.7],[-38.4,-3.8],[-38.4,-3.9],[-38.3,-3.9],[-38.3,-4.0],[-38.2,-4.0],[-38.2,-4.1],[-38.1,-4.1],[-38.1,-4.2],[-38.0,-4.2],[-38.0,-4.3],[-37.9,-4.3],[-37.9,-4.4],[-37.8,-4.4],[-37.7,-4.5],[-37.7,-4.6],[-37.6,-4.6],[-37.5,-4.6],[-37.5,-4.7],[-37.4,-4.7],[-37.3,-4.7],[-37.3,-4.8],[-37.4,-4.9],[-37.5,-4.9],[-37.6,-4.9],[-37.7,-5.0],[-37.7,-5.1],[-37.8,-5.1],[-37.8,-5.2],[-37.8,-5.3],[-37.9,-5.4],[-37.9,-5.5],[-38.0,-5.5],[-38.0,-5.6],[-38.1,-5.6],[-38.1,-5.7],[-38.0,-5.7],[-38.1,-5.7],[-38.1,-5.8],[-38.1,-5.9],[-38.2,-5.9],[-38.2,-6.0],[-38.2,-5.9],[-38.2,-6.0],[-38.3,-6.0],[-38.3,-6.1],[-38.4,-6.1],[-38.5,-6.1],[-38.5,-6.2],[-38.6,-6.3],[-38.6,-6.4],[-38.5,-6.4],[-38.6,-6.4],[-38.6,-6.5],[-38.6,-6.6],[-38.7,-6.6],[-38.6,-6.7],[-38.7,-6.7],[-38.6,-6.8],[-38.7,-6.8],[-38.6,-6.8],[-38.7,-6.8],[-38.7,-6.9],[-38.8,-6.9],[-38.8,-7.0],[-38.7,-7.0],[-38.8,-7.0],[-38.7,-7.0],[-38.7,-7.1],[-38.7,-7.2],[-38.6,-7.2],[-38.6,-7.3],[-38.5,-7.3],[-38.6,-7.4],[-38.6,-7.5],[-38.7,-7.5],[-38.7,-7.6],[-38.7,-7.7],[-38.8,-7.7],[-38.9,-7.7],[-38.9,-7.8],[-38.9,-7.7],[-38.9,-7.8],[-39.0,-7.8],[-39.1,-7.8],[-39.1,-7.9],[-39.1,-7.8],[-39.1,-7.7],[-39.2,-7.7],[-39.3,-7.7],[-39.2,-7.7],[-39.3,-7.7],[-39.3,-7.6],[-39.3,-7.5],[-39.4,-7.5],[-39.5,-7.4],[-39.6,-7.4],[-39.6,-7.3],[-39.7,-7.3],[-39.8,-7.3],[-39.9,-7.3],[-39.9,-7.4],[-40.0,-7.4],[-40.1,-7.4],[-40.2,-7.4],[-40.3,-7.4],[-40.4,-7.4],[-40.5,-7.4],[-40.5,-7.3],[-40.5,-7.2],[-40.5,-7.1],[-40.4,-7.1],[-40.4,-7.0],[-40.4,-6.9],[-40.4,-6.8],[-40.5,-6.8],[-40.5,-6.7],[-40.6,-6.7],[-40.7,-6.7],[-40.7,-6.6],[-40.8,-6.5],[-40.8,-6.4],[-40.8,-6.3],[-40.9,-6.2],[-40.8,-6.2],[-40.9,-6.2],[-40.8,-6.1],[-40.9,-6.1],[-40.9,-6.0],[-40.9,-5.9],[-40.9,-5.8],[-40.9,-5.7],[-40.9,-5.6],[-40.9,-5.5],[-40.9,-5.4],[-40.9,-5.3],[-40.9,-5.2],[-41.0,-5.2],[-41.0,-5.1],[-41.0,-5.2],[-41.0,-5.1],[-41.1,-5.1],[-41.1,-5.0],[-41.2,-5.0],[-41.2,-4.9],[-41.2,-4.8],[-41.2,-4.7],[-41.2,-4.6],[-41.2,-4.5],[-41.2,-4.4],[-41.1,-4.4],[-41.1,-4.3],[-41.1,-4.2],[-41.1,-4.1],[-41.1,-4.0],[-41.2,-4.0],[-41.3,-4.0],[-41.2,-4.0],[-41.2,-3.9],[-41.3,-3.9],[-41.3,-3.8],[-41.3,-3.7],[-41.2,-3.7],[-41.3,-3.7],[-41.3,-3.6],[-41.4,-3.6],[-41.3,-3.6],[-41.3,-3.5],[-41.3,-3.4],[-41.4,-3.4],[-41.4,-3.3],[-41.3,-3.2],[-41.3,-3.1],[-41.3,-3.0],[-41.2,-3.0],[-41.3,-3.0],[-41.3,-2.9],[-41.2,-2.9],[-41.1,-2.9],[-41.0,-2.9],[-40.9,-2.9],[-40.8,-2.9],[-40.8,-2.8],[-40.8,-2.9],[-40.7,-2.9],[-40.7,-2.8],[-40.6,-2.8],[-40.5,-2.8],[-40.4,-2.8],[-40.3,-2.8],[-40.2,-2.8],[-40.1,-2.8],[-40.0,-2.8]]]]}},{"type":"Feature","properties":{"sigla":"ES"},"geometry":{"type":"MultiPolygon","coordinates":[[[[-40.7,-20.8],[-40.7,-20.9],[-40.8,-20.9],[-40.8,-21.0],[-40.8,-21.1],[-40.9,-21.1],[-40.9,-21.2],[-41.0,-21.2],[-41.0,-21.3],[-41.0,-21.2],[-41.0,-21.3],[-41.1,-21.2],[-41.2,-21.2],[-41.3,-21.2],[-41.4,-21.2],[-41.5,-21.2],[-41.6,-21.2],[-41.6,-21.1],[-41.6,-21.2],[-41.6,-21.1],[-41.7,-21.1],[-41.7,-21.0],[-41.7,-20.9],[-41.7,-20.8],[-41.8,-20.8],[-41.9,-20.8],[-41.9,-20.7],[-41.8,-20.7],[-41.8,-20.6],[-41.9,-20.6],[-41.8,-20.6],[-41.8,-20.5],[-41.8,-20.4],[-41.9,-20.4],[-41.9,-20.3],[-41.8,-20.3],[-41.8,-20.2],[-41.7,-20.2],[-41.6,-20.2],[-41.4,-20.2],[-41.4,-20.1],[-41.3,-20.1],[-41.4,-20.1],[-41.3,-20.1],[-41.3,-20.0],[-41.3,-19.9],[-41.2,-19.9],[-41.2,-19.8],[-41.2,-19.7],[-41.1,-19.7],[-41.1,-19.6],[-41.0,-19.6],[-41.0,-19.5],[-40.9,-19.5],[-41.0,-19.5],[-40.9,-19.5],[-41.0,-19.5],[-41.0,-19.4],[-40.9,-19.4],[-40.9,-19.3],[-40.9,-19.2],[-40.9,-19.1],[-41.0,-19.1],[-41.1,-19.1],[-41.1,-19.0],[-41.0,-19.0],[-41.1,-19.0],[-41.1,-18.9],[-41.2,-18.9],[-41.2,-18.8],[-41.1,-18.8],[-41.0,-18.8],[-40.9,-18.8],[-40.9,-18.7],[-41.0,-18.7],[-41.0,-18.6],[-41.1,-18.6],[-41.0,-18.6],[-41.0,-18.5],[-41.2,-18.4],[-41.1,-18.4],[-41.2,-18.4],[-41.1,-18.4],[-41.1,-18.3],[-41.2,-18.3],[-41.1,-18.3],[-41.1,-18.2],[-41.0,-18.2],[-41.0,-18.1],[-41.0,-18.2],[-40.9,-18.1],[-41.0,-18.1],[-40.9,-18.1],[-40.8,-18.1],[-40.8,-18.2],[-40.8,-18.1],[-40.8,-18.2],[-40.8,-18.1],[-40.9,-18.0],[-40.8,-18.0],[-40.7,-18.0],[-40.6,-18.0],[-40.6,-17.9],[-40.5,-17.9],[-40.4,-17.9],[-40.3,-17.9],[-40.3,-18.0],[-40.2,-18.0],[-39.9,-18.2],[-39.8,-18.2],[-39.7,-18.3],[-39.7,-18.4],[-39.7,-18.5],[-39.7,-18.6],[-39.7,-18.7],[-39.7,-18.8],[-39.7,-18.9],[-39.7,-19.0],[-39.7,-19.1],[-39.7,-19.2],[-39.7,-19.3],[-39.7,-19.4],[-39.7,-19.5],[-39.8,-19.5],[-39.8,-19.6],[-39.8,-19.7],[-39.9,-19.7],[-40.0,-19.7],[-40.0,-19.8],[-40.1,-19.8],[-40.1,-19.9],[-40.1,-20.0],[-40.2,-20.0],[-40.2,-20.1],[-40.2,-20.2],[-40.2,-20.3],[-40.3,-20.3],[-40.3,-20.4],[-40.3,-20.5],[-40.4,-20.5],[-40.4,-20.6],[-40.5,-20.6],[-40.5,-20.7],[-40.6,-20.8],[-40.7,-20.8],[-40.6,-20.8],[-40.7,-20.8]]]]}},{"type":"Feature","properties":{"sigla":"GO"},"geometry":{"type":"MultiPolygon","coordinates":[[[[-50.2,-12.4],[-50.2,-12.5],[-50.2,-12.6],[-50.3,-12.6],[-50.3,-12.7],[-50.3,-12.8],[-50.3,-12.9],[-50.2,-12.9],[-50.1,-12.9],[-50.0,-12.9],[-50.0,-13.0],[-49.9,-13.0],[-49.8,-13.0],[-49.6,-13.1],[-49.5,-13.2],[-49.4,-13.3],[-49.3,-13.3],[-49.3,-13.2],[-49.4,-13.2],[-49.4,-13.1],[-49.3,-13.1],[-49.4,-13.1],[-49.3,-13.1],[-49.3,-13.0],[-49.3,-12.9],[-49.2,-12.9],[-49.2,-12.8],[-49.1,-12.8],[-49.1,-12.9],[-49.0,-12.9],[-49.0,-13.0],[-48.9,-12.9],[-48.9,-12.8],[-48.8,-12.8],[-48.8,-12.9],[-48.7,-12.9],[-48.7,-13.0],[-48.6,-13.0],[-48.6,-13.1],[-48.6,-13.2],[-48.6,-13.3],[-48.6,-13.2],[-48.5,-13.2],[-48.6,-13.2],[-48.5,-13.2],[-48.5,-13.1],[-48.5,-13.2],[-48.5,-13.3],[-48.4,-13.3],[-48.4,-13.2],[-48.3,-13.2],[-48.2,-13.2],[-48.2,-13.1],[-48.2,-13.2],[-48.1,-13.2],[-48.2,-13.2],[-48.2,-13.3],[-48.1,-13.3],[-48.1,-13.2],[-48.1,-13.3],[-48.0,-13.3],[-47.9,-13.3],[-47.8,-13.3],[-47.7,-13.5],[-47.7,-13.4],[-47.6,-13.4],[-47.7,-13.3],[-47.6,-13.3],[-47.6,-13.2],[-47.7,-13.2],[-47.7,-13.1],[-47.6,-13.1],[-47.7,-13.1],[-47.6,-13.1],[-47.6,-13.2],[-47.5,-13.2],[-47.4,-13.2],[-47.5,-13.2],[-47.4,-13.3],[-47.4,-13.2],[-47.3,-13.2],[-47.3,-13.3],[-47.3,-13.2],[-47.3,-13.3],[-47.3,-13.2],[-47.2,-13.2],[-47.3,-13.2],[-47.2,-13.2],[-47.1,-13.2],[-47.0,-13.2],[-47.0,-13.1],[-47.0,-13.2],[-47.0,-13.1],[-46.9,-13.1],[-46.9,-13.0],[-46.9,-13.1],[-46.8,-13.1],[-46.8,-13.0],[-46.6,-13.0],[-46.5,-13.0],[-46.4,-12.9],[-46.4,-12.8],[-46.4,-12.9],[-46.4,-12.8],[-46.4,-12.9],[-46.4,-13.0],[-46.3,-13.0],[-46.2,-13.0],[-46.2,-12.9],[-46.1,-12.9],[-46.1,-13.0],[-46.2,-13.0],[-46.3,-13.0],[-46.3,-13.1],[-46.3,-13.2],[-46.3,-13.3],[-46.2,-13.3],[-46.1,-13.3],[-46.0,-13.3],[-46.1,-13.3],[-46.1,-13.4],[-46.2,-13.4],[-46.2,-13.5],[-46.2,-13.6],[-46.2,-13.7],[-46.3,-13.7],[-46.2,-13.7],[-46.3,-13.7],[-46.2,-13.7],[-46.2,-13.8],[-46.3,-13.8],[-46.2,-13.8],[-46.3,-13.9],[-46.3,-14.0],[-46.2,-14.0],[-46.2,-14.1],[-46.3,-14.1],[-46.2,-14.1],[-46.2,-14.2],[-46.1,-14.2],[-46.0,-14.2],[-46.0,-14.3],[-45.9,-14.3],[-45.9,-14.4],[-45.9,-14.3],[-45.9,-14.4],[-46.0,-14.4],[-46.0,-14.5],[-46.0,-14.6],[-46.0,-14.7],[-46.0,-14.8],[-46.1,-14.8],[-46.0,-14.8],[-46.0,-14.9],[-46.1,-14.9],[-46.2,-14.9],[-46.3,-14.9],[-46.3,-14.8],[-46.4,-14.8],[-46.4,-14.7],[-46.5,-14.7],[-46.5,-14.8],[-46.6,-14.8],[-46.5,-14.8],[-46.5,-14.9],[-46.5,-15.0],[-46.5,-15.1],[-46.6,-15.1],[-46.7,-15.1],[-46.7,-15.0],[-46.8,-15.0],[-46.9,-15.0],[-46.9,-15.1],[-46.9,-15.2],[-46.9,-15.3],[-46.9,-15.2],[-46.9,-15.3],[-46.8,-15.3],[-46.9,-15.4],[-46.8,-15.4],[-46.9,-15.4],[-46.9,-15.5],[-46.9,-15.6],[-46.9,-15.7],[-46.8,-15.7],[-46.8,-15.8],[-46.8,-15.9],[-46.9,-15.9],[-47.0,-15.9],[-47.1,-15.9],[-47.1,-16.0],[-47.1,-15.9],[-47.2,-15.9],[-47.1,-15.9],[-47.2,-15.9],[-47.2,-16.0],[-47.3,-16.0],[-47.4,-16.0],[-47.4,-15.9],[-47.4,-15.8],[-47.3,-15.8],[-47.3,-15.7],[-47.3,-15.6],[-47.4,-15.6],[-47.4,-15.5],[-47.5,-15.5],[-47.6,-15.5],[-48.0,-15.5],[-48.1,-15.5],[-48.2,-15.5],[-48.2,-15.6],[-48.2,-15.7],[-48.2,-15.8],[-48.3,-15.8],[-48.3,-15.9],[-48.3,-16.0],[-48.3,-16.1],[-48.2,-16.1],[-48.1,-16.1],[-48.0,-16.1],[-47.9,-16.1],[-47.8,-16.1],[-47.7,-16.1],[-47.6,-16.0],[-47.5,-16.0],[-47.4,-16.0],[-47.3,-16.1],[-47.4,-16.1],[-47.3,-16.1],[-47.3,-16.2],[-47.3,-16.3],[-47.4,-16.3],[-47.3,-16.3],[-47.4,-16.3],[-47.4,-16.4],[-47.4,-16.5],[-47.5,-16.5],[-47.4,-16.5],[-47.4,-16.6],[-47.4,-16.5],[-47.4,-16.6],[-47.4,-16.5],[-47.4,-16.6],[-47.3,-16.6],[-47.3,-16.7],[-47.2,-16.7],[-47.3,-16.7],[-47.2,-16.7],[-47.3,-16.7],[-47.2,-16.7],[-47.2,-16.8],[-47.2,-16.9],[-47.2,-17.0],[-47.1,-17.0],[-47.2,-17.0],[-47.1,-17.0],[-47.2,-17.0],[-47.2,-17.1],[-47.3,-17.1],[-47.3,-17.2],[-47.3,-17.1],[-47.3,-17.2],[-47.3,-17.1],[-47.3,-17.2],[-47.4,-17.2],[-47.3,-17.2],[-47.4,-17.2],[-47.3,-17.2],[-47.4,-17.2],[-47.3,-17.2],[-47.4,-17.2],[-47.4,-17.3],[-47.5,-17.3],[-47.4,-17.3],[-47.5,-17.3],[-47.5,-17.4],[-47.5,-17.3],[-47.5,-17.4],[-47.5,-17.5],[-47.4,-17.5],[-47.3,-17.5],[-47.3,-17.6],[-47.3,-17.7],[-47.3,-17.8],[-47.4,-17.8],[-47.3,-17.8],[-47.4,-17.8],[-47.4,-17.9],[-47.3,-17.9],[-47.3,-18.0],[-47.3,-18.1],[-47.4,-18.1],[-47.4,-18.2],[-47.5,-18.2],[-47.6,-18.2],[-47.6,-18.3],[-47.7,-18.3],[-47.7,-18.4],[-47.8,-18.4],[-47.7,-18.4],[-47.8,-18.4],[-47.8,-18.5],[-47.8,-18.4],[-47.9,-18.4],[-47.9,-18.5],[-48.0,-18.5],[-48.0,-18.4],[-48.0,-18.5],[-48.0,-18.4],[-48.1,-18.4],[-48.2,-18.4],[-48.2,-18.3],[-48.3,-18.3],[-48.3,-18.4],[-48.4,-18.4],[-48.5,-18.4],[-48.5,-18.3],[-48.6,-18.3],[-48.7,-18.3],[-48.7,-18.4],[-48.7,-18.3],[-48.8,-18.3],[-48.8,-18.4],[-48.8,-18.3],[-48.9,-18.3],[-49.0,-18.3],[-49.0,-18.4],[-49.1,-18.4],[-49.2,-18.4],[-49.2,-18.5],[-49.3,-18.5],[-49.3,-18.6],[-49.4,-18.6],[-49.5,-18.6],[-49.5,-18.5],[-49.6,-18.5],[-49.6,-18.6],[-49.7,-18.6],[-49.6,-18.6],[-49.7,-18.6],[-49.8,-18.6],[-49.9,-18.6],[-50.0,-18.6],[-50.1,-18.6],[-50.1,-18.7],[-50.2,-18.7],[-50.3,-18.7],[-50.4,-18.8],[-50.4,-18.9],[-50.5,-18.9],[-50.5,-19.0],[-50.5,-19.1],[-50.6,-19.1],[-50.7,-19.1],[-50.7,-19.2],[-50.8,-19.3],[-50.9,-19.4],[-50.8,-19.5],[-50.9,-19.5],[-51.0,-19.4],[-51.0,-19.3],[-51.1,-19.3],[-51.2,-19.3],[-51.3,-19.3],[-51.3,-19.2],[-51.3,-19.3],[-51.3,-19.2],[-51.4,-19.2],[-51.5,-19.2],[-51.5,-19.1],[-51.5,-19.2],[-51.5,-19.1],[-51.6,-19.1],[-51.7,-19.1],[-51.8,-19.1],[-51.8,-19.0],[-51.9,-19.0],[-51.8,-19.0],[-51.9,-19.1],[-51.9,-19.0],[-52.0,-19.0],[-52.1,-18.9],[-52.1,-19.0],[-52.1,-18.9],[-52.2,-18.9],[-52.2,-18.8],[-52.2,-18.9],[-52.2,-18.8],[-52.3,-18.8],[-52.4,-18.8],[-52.4,-18.7],[-52.5,-18.7],[-52.6,-18.7],[-52.7,-18.7],[-52.8,-18.7],[-52.9,-18.6],[-53.0,-18.6],[-53.0,-18.5],[-52.9,-18.5],[-52.9,-18.4],[-52.8,-18.4],[-52.8,-18.3],[-52.9,-18.3],[-53.0,-18.3],[-53.0,-18.4],[-53.0,-18.3],[-53.1,-18.3],[-53.1,-18.2],[-53.1,-18.1],[-53.1,-18.0],[-53.1,-17.9],[-53.1,-17.8],[-53.2,-17.8],[-53.2,-17.7],[-53.2,-17.8],[-53.2,-17.7],[-53.3,-17.6],[-53.2,-17.6],[-53.3,-17.6],[-53.2,-17.6],[-53.2,-17.5],[-53.2,-17.4],[-53.2,-17.3],[-53.2,-17.2],[-53.1,-17.2],[-53.1,-17.1],[-53.1,-17.0],[-53.1,-17.1],[-53.1,-17.0],[-53.0,-17.0],[-53.1,-17.0],[-53.0,-17.0],[-53.0,-16.9],[-52.9,-16.9],[-53.0,-16.9],[-52.9,-16.9],[-52.9,-16.8],[-53.0,-16.8],[-52.9,-16.8],[-52.8,-16.8],[-52.8,-16.7],[-52.7,-16.7],[-52.7,-16.6],[-52.7,-16.5],[-52.6,-16.5],[-52.6,-16.6],[-52.6,-16.5],[-52.6,-16.4],[-52.7,-16.4],[-52.7,-16.3],[-52.6,-16.3],[-52.6,-16.2],[-52.6,-16.3],[-52.5,-16.3],[-52.6,-16.2],[-52.5,-16.2],[-52.5,-16.1],[-52.4,-16.1],[-52.3,-16.1],[-52.3,-16.0],[-52.3,-15.9],[-52.2,-15.9],[-52.1,-15.9],[-52.0,-15.9],[-52.0,-15.8],[-51.9,-15.8],[-51.8,-15.8],[-51.8,-15.7],[-51.8,-15.6],[-51.8,-15.5],[-51.8,-15.6],[-51.7,-15.6],[-51.7,-15.5],[-51.7,-15.4],[-51.7,-15.3],[-51.6,-15.3],[-51.7,-15.3],[-51.7,-15.2],[-51.6,-15.2],[-51.6,-15.1],[-51.5,-15.1],[-51.5,-15.0],[-51.4,-15.0],[-51.3,-15.0],[-51.2,-15.0],[-51.1,-15.0],[-51.1,-14.9],[-51.1,-14.8],[-51.0,-14.8],[-51.1,-14.8],[-51.1,-14.7],[-51.0,-14.7],[-51.0,-14.6],[-51.0,-14.5],[-51.0,-14.4],[-51.0,-14.3],[-51.0,-14.2],[-50.9,-14.2],[-50.9,-14.1],[-50.8,-14.1],[-50.9,-14.0],[-50.8,-14.0],[-50.9,-14.0],[-50.8,-13.9],[-50.9,-13.8],[-50.9,-13.7],[-50.8,-13.7],[-50.8,-13.6],[-50.8,-13.5],[-50.7,-13.5],[-50.7,-13.4],[-50.6,-13.4],[-50.6,-13.3],[-50.6,-13.2],[-50.6,-13.1],[-50.6,-13.0],[-50.5,-13.0],[-50.5,-12.9],[-50.5,-12.8],[-50.5,-12.7],[-50.4,-12.7],[-50.4,-12.6],[-50.4,-12.7],[-50.4,-12.6],[-50.4,-12.5],[-50.3,-12.5],[-50.2,-12.5],[-50.2,-12.4],[-50.1,-12.4],[-50.2,-12.4]]]]}},{"type":"Feature","properties":{"sigla":"MA"},"geometry":{"type":"MultiPolygon","coordinates":[[[[-47.0,-9.0],[-47.0,-8.9],[-46.9,-8.9],[-46.9,-8.8],[-46.9,-8.7],[-46.9,-8.6],[-46.9,-8.5],[-46.8,-8.5],[-46.9,-8.5],[-46.8,-8.5],[-46.9,-8.5],[-46.8,-8.5],[-46.9,-8.5],[-46.8,-8.5],[-46.9,-8.5],[-46.8,-8.5],[-46.8,-8.4],[-46.7,-8.4],[-46.7,-8.3],[-46.6,-8.3],[-46.5,-8.3],[-46.5,-8.2],[-46.5,-8.1],[-46.5,-8.0],[-46.5,-7.9],[-46.6,-7.9],[-46.7,-7.9],[-46.8,-7.9],[-46.8,-8.0],[-46.8,-7.9],[-46.8,-8.0],[-46.8,-7.9],[-46.8,-8.0],[-46.9,-8.0],[-47.0,-8.0],[-47.0,-8.1],[-47.0,-8.0],[-47.0,-8.1],[-47.0,-8.0],[-47.1,-8.0],[-47.1,-7.9],[-47.2,-7.9],[-47.2,-7.8],[-47.3,-7.8],[-47.2,-7.8],[-47.3,-7.8],[-47.3,-7.7],[-47.3,-7.6],[-47.4,-7.6],[-47.4,-7.7],[-47.4,-7.6],[-47.4,-7.5],[-47.5,-7.5],[-47.5,-7.4],[-47.6,-7.4],[-47.5,-7.4],[-47.5,-7.3],[-47.6,-7.3],[-47.7,-7.3],[-47.7,-7.2],[-47.7,-7.1],[-47.7,-7.2],[-47.6,-7.1],[-47.6,-7.0],[-47.5,-7.0],[-47.5,-6.9],[-47.5,-6.8],[-47.5,-6.7],[-47.5,-6.6],[-47.5,-6.5],[-47.4,-6.5],[-47.4,-6.4],[-47.4,-6.3],[-47.4,-6.2],[-47.4,-6.1],[-47.4,-6.0],[-47.4,-5.9],[-47.4,-5.8],[-47.5,-5.8],[-47.5,-5.7],[-47.5,-5.6],[-47.5,-5.5],[-47.6,-5.5],[-47.7,-5.4],[-47.8,-5.4],[-47.9,-5.3],[-47.9,-5.2],[-48.0,-5.2],[-48.0,-5.3],[-48.1,-5.3],[-48.2,-5.3],[-48.2,-5.2],[-48.3,-5.2],[-48.4,-5.2],[-48.5,-5.2],[-48.6,-5.2],[-48.6,-5.3],[-48.7,-5.3],[-48.7,-5.4],[-48.7,-5.3],[-48.7,-5.4],[-48.8,-5.3],[-48.6,-5.3],[-48.5,-5.1],[-48.4,-5.1],[-48.2,-4.9],[-48.1,-4.8],[-48.0,-4.8],[-47.8,-4.6],[-47.7,-4.6],[-47.6,-4.6],[-47.6,-4.5],[-47.5,-4.4],[-47.5,-4.3],[-47.4,-4.3],[-47.4,-4.2],[-47.3,-4.2],[-47.3,-4.1],[-47.4,-4.1],[-47.3,-4.1],[-47.3,-4.0],[-47.3,-4.1],[-47.3,-4.0],[-47.2,-4.0],[-47.2,-3.9],[-47.1,-3.9],[-47.1,-3.8],[-47.1,-3.7],[-47.0,-3.7],[-47.1,-3.7],[-47.0,-3.7],[-47.1,-3.7],[-47.0,-3.7],[-47.1,-3.6],[-47.0,-3.6],[-47.1,-3.6],[-47.0,-3.6],[-47.0,-3.5],[-46.9,-3.5],[-47.0,-3.5],[-46.9,-3.5],[-47.0,-3.4],[-46.9,-3.5],[-46.9,-3.4],[-47.0,-3.4],[-46.9,-3.4],[-46.9,-3.3],[-46.8,-3.3],[-46.9,-3.3],[-46.8,-3.3],[-46.8,-3.2],[-46.7,-3.2],[-46.7,-3.1],[-46.7,-3.0],[-46.6,-3.0],[-46.7,-3.0],[-46.6,-3.0],[-46.7,-3.0],[-46.7,-2.9],[-46.6,-2.9],[-46.6,-2.8],[-46.7,-2.8],[-46.7,-2.7],[-46.6,-2.7],[-46.7,-2.7],[-46.6,-2.7],[-46.6,-2.6],[-46.6,-2.7],[-46.6,-2.6],[-46.5,-2.6],[-46.5,-2.5],[-46.4,-2.5],[-46.4,-2.4],[-46.5,-2.4],[-46.4,-2.3],[-46.4,-2.2],[-46.4,-2.3],[-46.4,-2.2],[-46.3,-2.2],[-46.3,-2.1],[-46.3,-2.0],[-46.2,-2.0],[-46.2,-1.9],[-46.2,-1.8],[-46.3,-1.8],[-46.3,-1.7],[-46.2,-1.7],[-46.2,-1.6],[-46.1,-1.6],[-46.2,-1.6],[-46.1,-1.6],[-46.1,-1.5],[-46.2,-1.5],[-46.1,-1.4],[-46.2,-1.4],[-46.1,-1.4],[-46.1,-1.3],[-46.2,-1.3],[-46.1,-1.2],[-46.2,-1.2],[-46.1,-1.2],[-46.1,-1.1],[-46.0,-1.1],[-46.0,-1.2],[-46.0,-1.1],[-46.0,-1.0],[-46.0,-1.1],[-46.0,-1.2],[-46.0,-1.1],[-45.9,-1.1],[-45.9,-1.2],[-46.0,-1.2],[-45.9,-1.2],[-46.0,-1.2],[-45.9,-1.2],[-45.9,-1.1],[-45.8,-1.0],[-45.9,-1.0],[-45.8,-1.0],[-45.8,-1.1],[-45.9,-1.1],[-45.9,-1.2],[-45.9,-1.1],[-45.9,-1.2],[-45.8,-1.2],[-45.9,-1.2],[-45.8,-1.2],[-45.9,-1.2],[-45.9,-1.3],[-45.8,-1.2],[-45.8,-1.3],[-45.8,-1.2],[-45.8,-1.3],[-45.8,-1.2],[-45.8,-1.3],[-45.8,-1.2],[-45.7,-1.2],[-45.7,-1.1],[-45.7,-1.2],[-45.7,-1.3],[-45.7,-1.4],[-45.7,-1.3],[-45.7,-1.4],[-45.6,-1.4],[-45.6,-1.3],[-45.5,-1.3],[-45.6,-1.3],[-45.6,-1.4],[-45.6,-1.3],[-45.5,-1.3],[-45.5,-1.4],[-45.5,-1.3],[-45.5,-1.4],[-45.5,-1.3],[-45.4,-1.3],[-45.4,-1.4],[-45.4,-1.3],[-45.4,-1.4],[-45.5,-1.4],[-45.5,-1.5],[-45.4,-1.5],[-45.5,-1.5],[-45.4,-1.5],[-45.5,-1.5],[-45.4,-1.5],[-45.5,-1.5],[-45.4,-1.5],[-45.4,-1.4],[-45.4,-1.5],[-45.4,-1.4],[-45.4,-1.5],[-45.4,-1.4],[-45.4,-1.5],[-45.4,-1.4],[-45.3,-1.4],[-45.4,-1.4],[-45.3,-1.4],[-45.4,-1.4],[-45.4,-1.3],[-45.3,-1.3],[-45.3,-1.4],[-45.4,-1.4],[-45.3,-1.4],[-45.3,-1.3],[-45.3,-1.4],[-45.3,-1.3],[-45.4,-1.3],[-45.3,-1.3],[-45.3,-1.4],[-45.4,-1.5],[-45.3,-1.5],[-45.4,-1.5],[-45.3,-1.5],[-45.3,-1.6],[-45.4,-1.6],[-45.3,-1.6],[-45.4,-1.7],[-45.3,-1.7],[-45.3,-1.6],[-45.2,-1.6],[-45.3,-1.6],[-45.2,-1.6],[-45.2,-1.5],[-45.1,-1.5],[-45.1,-1.4],[-45.1,-1.5],[-45.1,-1.4],[-45.1,-1.5],[-45.0,-1.5],[-44.9,-1.5],[-45.0,-1.5],[-44.9,-1.5],[-45.0,-1.5],[-44.9,-1.5],[-44.9,-1.4],[-44.9,-1.5],[-44.9,-1.4],[-44.8,-1.4],[-44.8,-1.5],[-44.9,-1.5],[-44.9,-1.6],[-44.8,-1.6],[-44.8,-1.7],[-44.8,-1.6],[-44.7,-1.6],[-44.8,-1.6],[-44.7,-1.6],[-44.6,-1.6],[-44.7,-1.7],[-44.7,-1.6],[-44.7,-1.7],[-44.7,-1.6],[-44.7,-1.7],[-44.7,-1.6],[-44.7,-1.7],[-44.7,-1.6],[-44.7,-1.7],[-44.8,-1.7],[-44.7,-1.7],[-44.7,-1.8],[-44.8,-1.8],[-44.7,-1.8],[-44.8,-1.8],[-44.7,-1.8],[-44.7,-1.7],[-44.7,-1.8],[-44.6,-1.8],[-44.7,-1.8],[-44.6,-1.8],[-44.7,-1.7],[-44.6,-1.7],[-44.7,-1.7],[-44.6,-1.7],[-44.6,-1.8],[-44.6,-1.9],[-44.6,-1.8],[-44.6,-1.9],[-44.6,-1.8],[-44.5,-1.8],[-44.5,-1.9],[-44.6,-1.9],[-44.5,-1.9],[-44.5,-2.0],[-44.5,-1.9],[-44.5,-2.0],[-44.5,-2.1],[-44.5,-2.2],[-44.4,-2.2],[-44.4,-2.3],[-44.4,-2.4],[-44.4,-2.5],[-44.3,-2.5],[-44.2,-2.5],[-44.2,-2.4],[-44.1,-2.4],[-44.0,-2.4],[-44.0,-2.5],[-44.0,-2.4],[-44.1,-2.4],[-44.1,-2.5],[-44.0,-2.5],[-44.0,-2.6],[-44.0,-2.5],[-43.9,-2.5],[-43.9,-2.4],[-43.8,-2.4],[-43.8,-2.3],[-43.8,-2.4],[-43.7,-2.4],[-43.8,-2.4],[-43.7,-2.3],[-43.6,-2.2],[-43.5,-2.3],[-43.5,-2.4],[-43.5,-2.3],[-43.4,-2.3],[-43.3,-2.3],[-43.2,-2.4],[-43.1,-2.4],[-43.0,-2.5],[-42.9,-2.5],[-42.8,-2.5],[-42.8,-2.6],[-42.7,-2.6],[-42.6,-2.6],[-42.6,-2.7],[-42.5,-2.7],[-42.4,-2.7],[-42.3,-2.7],[-42.2,-2.7],[-42.1,-2.7],[-42.0,-2.7],[-42.0,-2.8],[-42.0,-2.7],[-41.9,-2.7],[-41.8,-2.7],[-41.8,-2.8],[-41.9,-2.8],[-41.9,-2.9],[-41.8,-2.9],[-41.8,-3.0],[-41.9,-3.0],[-41.9,-3.1],[-41.9,-3.2],[-42.0,-3.2],[-42.1,-3.3],[-42.1,-3.4],[-42.2,-3.4],[-42.3,-3.4],[-42.3,-3.5],[-42.3,-3.4],[-42.4,-3.4],[-42.4,-3.5],[-42.4,-3.4],[-42.4,-3.5],[-42.5,-3.5],[-42.5,-3.4],[-42.5,-3.5],[-42.6,-3.6],[-42.7,-3.7],[-42.7,-3.8],[-42.7,-3.9],[-42.8,-4.0],[-42.9,-4.1],[-42.9,-4.2],[-43.0,-4.2],[-43.0,-4.3],[-43.0,-4.4],[-42.9,-4.4],[-42.9,-4.5],[-42.8,-4.5],[-42.9,-4.5],[-42.9,-4.6],[-42.9,-4.7],[-43.0,-4.7],[-42.9,-4.7],[-42.9,-4.8],[-42.9,-4.9],[-42.9,-5.0],[-42.8,-5.0],[-42.8,-5.1],[-42.8,-5.2],[-42.8,-5.3],[-42.8,-5.4],[-42.9,-5.4],[-43.0,-5.4],[-43.0,-5.5],[-43.0,-5.6],[-43.1,-5.6],[-43.1,-5.7],[-43.1,-5.8],[-43.1,-5.9],[-43.1,-6.0],[-43.0,-6.0],[-43.1,-6.0],[-43.1,-6.1],[-43.0,-6.1],[-43.0,-6.2],[-42.9,-6.2],[-42.9,-6.3],[-42.8,-6.3],[-42.9,-6.3],[-42.8,-6.3],[-42.9,-6.4],[-42.9,-6.5],[-42.9,-6.6],[-42.9,-6.7],[-43.0,-6.7],[-43.0,-6.8],[-43.1,-6.8],[-43.1,-6.7],[-43.1,-6.8],[-43.2,-6.8],[-43.3,-6.8],[-43.4,-6.8],[-43.5,-6.8],[-43.6,-6.8],[-43.6,-6.7],[-43.6,-6.8],[-43.6,-6.7],[-43.7,-6.7],[-43.8,-6.7],[-43.9,-6.7],[-43.9,-6.8],[-44.0,-6.7],[-44.0,-6.8],[-44.1,-6.8],[-44.1,-6.9],[-44.1,-6.8],[-44.1,-6.9],[-44.2,-6.9],[-44.2,-7.0],[-44.3,-7.0],[-44.3,-7.1],[-44.4,-7.1],[-44.4,-7.2],[-44.5,-7.2],[-44.6,-7.2],[-44.6,-7.3],[-44.7,-7.3],[-44.7,-7.4],[-44.8,-7.4],[-44.9,-7.4],[-44.9,-7.5],[-45.0,-7.5],[-45.1,-7.5],[-45.2,-7.5],[-45.2,-7.6],[-45.2,-7.5],[-45.3,-7.6],[-45.4,-7.6],[-45.4,-7.7],[-45.5,-7.7],[-45.4,-7.7],[-45.5,-7.7],[-45.5,-7.8],[-45.5,-7.7],[-45.5,-7.8],[-45.5,-7.9],[-45.6,-8.0],[-45.5,-8.0],[-45.6,-8.0],[-45.5,-8.0],[-45.6,-8.0],[-45.6,-8.1],[-45.6,-8.2],[-45.7,-8.2],[-45.7,-8.3],[-45.7,-8.4],[-45.7,-8.5],[-45.8,-8.5],[-45.8,-8.6],[-45.8,-8.7],[-45.9,-8.7],[-45.9,-8.8],[-46.0,-8.8],[-45.9,-8.8],[-46.0,-8.8],[-46.0,-8.9],[-46.0,-9.0],[-45.9,-9.0],[-45.9,-9.1],[-45.9,-9.2],[-45.9,-9.3],[-45.9,-9.4],[-45.8,-9.4],[-45.8,-9.5],[-45.8,-9.6],[-45.8,-9.7],[-45.8,-9.8],[-45.9,-9.8],[-45.9,-9.9],[-45.8,-9.9],[-45.8,-10.0],[-45.9,-10.0],[-45.9,-10.1],[-45.9,-10.2],[-46.0,-10.2],[-45.9,-10.3],[-46.0,-10.2],[-46.0,-10.3],[-46.0,-10.2],[-46.1,-10.2],[-46.2,-10.2],[-46.3,-10.2],[-46.4,-10.2],[-46.4,-10.1],[-46.5,-10.1],[-46.5,-10.0],[-46.5,-9.9],[-46.5,-9.8],[-46.6,-9.8],[-46.6,-9.7],[-46.7,-9.7],[-46.6,-9.7],[-46.6,-9.6],[-46.5,-9.6],[-46.5,-9.5],[-46.6,-9.5],[-46.6,-9.4],[-46.7,-9.4],[-46.8,-9.4],[-46.8,-9.3],[-46.8,-9.2],[-46.9,-9.2],[-46.8,-9.2],[-46.9,-9.2],[-46.9,-9.1],[-47.0,-9.1],[-47.1,-9.1],[-47.1,-9.0],[-47.0,-9.0],[-47.1,-9.0],[-47.0,-9.0]]],[[[-45.0,-1.3],[-44.9,-1.3],[-45.0,-1.3],[-44.9,-1.3],[-44.8,-1.3],[-44.9,-1.3],[-44.9,-1.4],[-44.9,-1.3],[-44.9,-1.4],[-44.9,-1.3],[-44.9,-1.4],[-45.0,-1.4],[-45.0,-1.3],[-45.0,-1.4],[-45.0,-1.3]]],[[[-45.7,-1.3],[-45.6,-1.3],[-45.7,-1.3],[-45.6,-1.3],[-45.6,-1.2],[-45.6,-1.1],[-45.6,-1.2],[-45.6,-1.3],[-45.6,-1.4],[-45.7,-1.4],[-45.7,-1.3]]],[[[-44.7,-1.6],[-44.8,-1.6],[-44.7,-1.5],[-44.7,-1.6]]],[[[-45.8,-1.1],[-45.8,-1.2],[-45.8,-1.1],[-45.8,-1.2],[-45.8,-1.1]]],[[[-42.8,-2.5],[-42.7,-2.6],[-42.8,-2.5],[-42.8,-2.6],[-42.8,-2.5]]]]}},{"type":"Feature","properties":{"sigla":"MG"},"geometry":{"type":"MultiPolygon","coordinates":[[[[-44.2,-14.2],[-44.2,-14.3],[-44.1,-14.3],[-44.0,-14.3],[-43.9,-14.3],[-43.8,-14.3],[-43.8,-14.4],[-43.8,-14.5],[-43.9,-14.5],[-43.9,-14.6],[-43.9,-14.7],[-43.8,-14.7],[-43.7,-14.7],[-43.6,-14.7],[-43.6,-14.8],[-43.5,-14.8],[-43.5,-14.7],[-43.4,-14.7],[-43.3,-14.7],[-43.2,-14.7],[-43.2,-14.6],[-43.2,-14.7],[-43.1,-14.7],[-43.0,-14.7],[-42.9,-14.7],[-42.9,-14.8],[-42.8,-14.8],[-42.7,-14.9],[-42.6,-14.9],[-42.6,-15.0],[-42.5,-15.0],[-42.4,-15.0],[-42.4,-15.1],[-42.3,-15.1],[-42.2,-15.1],[-42.1,-15.1],[-42.1,-15.2],[-42.0,-15.2],[-41.9,-15.2],[-41.9,-15.1],[-41.8,-15.1],[-41.6,-15.3],[-41.5,-15.4],[-41.4,-15.5],[-41.3,-15.6],[-41.3,-15.7],[-41.2,-15.7],[-41.2,-15.8],[-41.1,-15.8],[-41.1,-15.7],[-41.0,-15.7],[-41.0,-15.6],[-40.9,-15.7],[-40.8,-15.7],[-40.8,-15.6],[-40.8,-15.7],[-40.7,-15.7],[-40.6,-15.7],[-40.6,-15.8],[-40.5,-15.8],[-40.4,-15.8],[-40.3,-15.8],[-40.2,-15.8],[-40.2,-15.9],[-40.1,-15.9],[-40.1,-16.0],[-40.0,-16.0],[-39.9,-16.0],[-39.9,-16.1],[-39.9,-16.2],[-39.9,-16.3],[-40.0,-16.3],[-40.0,-16.4],[-40.1,-16.4],[-40.1,-16.5],[-40.1,-16.4],[-40.1,-16.5],[-40.2,-16.5],[-40.2,-16.6],[-40.3,-16.6],[-40.3,-16.7],[-40.3,-16.8],[-40.2,-16.8],[-40.3,-16.8],[-40.3,-16.9],[-40.4,-16.9],[-40.5,-16.9],[-40.5,-17.0],[-40.6,-17.0],[-40.6,-17.1],[-40.6,-17.2],[-40.6,-17.3],[-40.5,-17.3],[-40.6,-17.3],[-40.6,-17.4],[-40.5,-17.4],[-40.5,-17.5],[-40.5,-17.6],[-40.4,-17.6],[-40.3,-17.6],[-40.3,-17.7],[-40.2,-17.7],[-40.2,-17.8],[-40.2,-17.9],[-40.3,-17.9],[-40.2,-18.0],[-40.3,-18.0],[-40.3,-17.9],[-40.4,-17.9],[-40.5,-17.9],[-40.6,-17.9],[-40.6,-18.0],[-40.7,-18.0],[-40.8,-18.0],[-40.9,-18.0],[-40.8,-18.1],[-40.8,-18.2],[-40.8,-18.1],[-40.8,-18.2],[-40.8,-18.1],[-40.9,-18.1],[-41.0,-18.1],[-40.9,-18.1],[-41.0,-18.2],[-41.0,-18.1],[-41.0,-18.2],[-41.1,-18.2],[-41.1,-18.3],[-41.2,-18.3],[-41.1,-18.3],[-41.1,-18.4],[-41.2,-18.4],[-41.1,-18.4],[-41.2,-18.4],[-41.0,-18.5],[-41.0,-18.6],[-41.1,-18.6],[-41.0,-18.6],[-41.0,-18.7],[-40.9,-18.7],[-40.9,-18.8],[-41.0,-18.8],[-41.1,-18.8],[-41.2,-18.8],[-41.2,-18.9],[-41.1,-18.9],[-41.1,-19.0],[-41.0,-19.0],[-41.1,-19.0],[-41.1,-19.1],[-41.0,-19.1],[-40.9,-19.1],[-40.9,-19.2],[-40.9,-19.3],[-40.9,-19.4],[-41.0,-19.4],[-41.0,-19.5],[-40.9,-19.5],[-41.0,-19.5],[-40.9,-19.5],[-41.0,-19.5],[-41.0,-19.6],[-41.1,-19.6],[-41.1,-19.7],[-41.2,-19.7],[-41.2,-19.8],[-41.2,-19.9],[-41.3,-19.9],[-41.3,-20.0],[-41.3,-20.1],[-41.4,-20.1],[-41.3,-20.1],[-41.4,-20.1],[-41.4,-20.2],[-41.6,-20.2],[-41.7,-20.2],[-41.8,-20.2],[-41.8,-20.3],[-41.9,-20.3],[-41.9,-20.4],[-41.8,-20.4],[-41.8,-20.5],[-41.8,-20.6],[-41.9,-20.6],[-41.8,-20.6],[-41.8,-20.7],[-41.9,-20.7],[-41.9,-20.8],[-41.9,-20.9],[-42.0,-20.9],[-41.9,-20.9],[-42.0,-20.9],[-42.1,-20.9],[-42.1,-21.0],[-42.2,-21.0],[-42.1,-21.0],[-42.1,-21.1],[-42.2,-21.1],[-42.2,-21.2],[-42.2,-21.3],[-42.2,-21.4],[-42.3,-21.4],[-42.2,-21.4],[-42.3,-21.4],[-42.3,-21.5],[-42.3,-21.6],[-42.4,-21.6],[-42.3,-21.6],[-42.3,-21.7],[-42.4,-21.7],[-42.4,-21.8],[-42.5,-21.8],[-42.6,-21.8],[-42.6,-21.9],[-42.7,-21.9],[-42.8,-21.9],[-42.9,-22.0],[-43.0,-22.0],[-43.0,-22.1],[-43.1,-22.1],[-43.2,-22.1],[-43.1,-22.1],[-43.1,-22.0],[-43.2,-22.0],[-43.3,-22.0],[-43.4,-22.0],[-43.4,-22.1],[-43.5,-22.1],[-43.6,-22.1],[-43.7,-22.1],[-43.8,-22.1],[-43.9,-22.1],[-44.0,-22.1],[-44.0,-22.2],[-44.1,-22.2],[-44.2,-22.2],[-44.2,-22.3],[-44.2,-22.2],[-44.2,-22.3],[-44.2,-22.2],[-44.2,-22.3],[-44.3,-22.3],[-44.3,-22.2],[-44.3,-22.3],[-44.4,-22.3],[-44.5,-22.3],[-44.6,-22.3],[-44.6,-22.4],[-44.7,-22.4],[-44.8,-22.4],[-44.9,-22.4],[-44.9,-22.5],[-45.0,-22.5],[-45.1,-22.5],[-45.2,-22.5],[-45.2,-22.6],[-45.3,-22.6],[-45.4,-22.6],[-45.4,-22.7],[-45.4,-22.6],[-45.5,-22.6],[-45.5,-22.7],[-45.6,-22.7],[-45.6,-22.6],[-45.7,-22.7],[-45.7,-22.6],[-45.7,-22.7],[-45.8,-22.7],[-45.7,-22.7],[-45.7,-22.8],[-45.8,-22.8],[-45.8,-22.9],[-45.8,-22.8],[-45.9,-22.8],[-45.9,-22.9],[-45.9,-22.8],[-46.0,-22.9],[-46.1,-22.9],[-46.2,-22.9],[-46.1,-22.9],[-46.2,-22.9],[-46.3,-22.9],[-46.4,-22.9],[-46.4,-22.8],[-46.3,-22.8],[-46.4,-22.8],[-46.4,-22.7],[-46.5,-22.7],[-46.4,-22.7],[-46.4,-22.6],[-46.4,-22.5],[-46.5,-22.5],[-46.6,-22.5],[-46.5,-22.5],[-46.6,-22.4],[-46.6,-22.5],[-46.6,-22.4],[-46.7,-22.4],[-46.7,-22.3],[-46.7,-22.2],[-46.6,-22.2],[-46.6,-22.1],[-46.7,-22.1],[-46.7,-22.0],[-46.6,-22.0],[-46.7,-22.0],[-46.7,-21.9],[-46.6,-21.9],[-46.7,-21.9],[-46.7,-21.8],[-46.6,-21.8],[-46.6,-21.7],[-46.5,-21.6],[-46.6,-21.6],[-46.5,-21.6],[-46.5,-21.5],[-46.5,-21.4],[-46.6,-21.4],[-46.7,-21.4],[-46.8,-21.4],[-46.9,-21.4],[-47.0,-21.4],[-47.0,-21.3],[-47.1,-21.3],[-47.1,-21.2],[-47.1,-21.1],[-47.1,-21.0],[-47.2,-21.0],[-47.1,-21.0],[-47.2,-21.0],[-47.2,-20.9],[-47.2,-20.8],[-47.2,-20.7],[-47.1,-20.7],[-47.1,-20.6],[-47.1,-20.5],[-47.2,-20.5],[-47.3,-20.5],[-47.3,-20.4],[-47.3,-20.3],[-47.2,-20.3],[-47.2,-20.2],[-47.3,-20.2],[-47.3,-20.1],[-47.4,-20.1],[-47.4,-20.0],[-47.5,-20.0],[-47.6,-20.0],[-47.7,-20.0],[-47.8,-20.0],[-47.9,-20.0],[-47.9,-20.1],[-48.0,-20.0],[-48.0,-20.1],[-48.1,-20.1],[-48.2,-20.1],[-48.2,-20.0],[-48.3,-20.1],[-48.2,-20.1],[-48.3,-20.1],[-48.4,-20.1],[-48.5,-20.1],[-48.6,-20.1],[-48.6,-20.2],[-48.7,-20.2],[-48.7,-20.1],[-48.7,-20.2],[-48.8,-20.2],[-48.9,-20.2],[-48.9,-20.3],[-48.9,-20.4],[-49.0,-20.4],[-49.0,-20.3],[-49.0,-20.2],[-49.1,-20.2],[-49.1,-20.3],[-49.2,-20.3],[-49.3,-20.3],[-49.3,-20.2],[-49.3,-20.1],[-49.3,-20.0],[-49.2,-20.0],[-49.3,-20.0],[-49.4,-20.0],[-49.5,-20.0],[-49.5,-19.9],[-49.6,-19.9],[-49.7,-19.9],[-49.8,-19.9],[-49.9,-19.9],[-50.0,-19.9],[-50.1,-19.9],[-50.2,-19.9],[-50.3,-19.9],[-50.4,-19.9],[-50.4,-19.8],[-50.5,-19.8],[-50.6,-19.8],[-50.6,-19.9],[-50.7,-19.9],[-50.8,-19.9],[-50.8,-20.0],[-50.9,-20.0],[-51.0,-20.0],[-51.0,-20.1],[-51.0,-20.0],[-51.0,-19.9],[-51.0,-19.8],[-51.0,-19.7],[-51.0,-19.6],[-50.9,-19.6],[-50.9,-19.5],[-51.0,-19.5],[-50.9,-19.5],[-50.8,-19.5],[-50.9,-19.4],[-50.8,-19.3],[-50.7,-19.2],[-50.7,-19.1],[-50.6,-19.1],[-50.5,-19.1],[-50.5,-19.0],[-50.5,-18.9],[-50.4,-18.9],[-50.4,-18.8],[-50.3,-18.7],[-50.2,-18.7],[-50.1,-18.7],[-50.1,-18.6],[-50.0,-18.6],[-49.9,-18.6],[-49.8,-18.6],[-49.7,-18.6],[-49.6,-18.6],[-49.7,-18.6],[-49.6,-18.6],[-49.6,-18.5],[-49.5,-18.5],[-49.5,-18.6],[-49.4,-18.6],[-49.3,-18.6],[-49.3,-18.5],[-49.2,-18.5],[-49.2,-18.4],[-49.1,-18.4],[-49.0,-18.4],[-49.0,-18.3],[-48.9,-18.3],[-48.8,-18.3],[-48.8,-18.4],[-48.8,-18.3],[-48.7,-18.3],[-48.7,-18.4],[-48.7,-18.3],[-48.6,-18.3],[-48.5,-18.3],[-48.5,-18.4],[-48.4,-18.4],[-48.3,-18.4],[-48.3,-18.3],[-48.2,-18.3],[-48.2,-18.4],[-48.1,-18.4],[-48.0,-18.4],[-48.0,-18.5],[-48.0,-18.4],[-48.0,-18.5],[-47.9,-18.5],[-47.9,-18.4],[-47.8,-18.4],[-47.8,-18.5],[-47.8,-18.4],[-47.7,-18.4],[-47.8,-18.4],[-47.7,-18.4],[-47.7,-18.3],[-47.6,-18.3],[-47.6,-18.2],[-47.5,-18.2],[-47.4,-18.2],[-47.4,-18.1],[-47.3,-18.1],[-47.3,-18.0],[-47.3,-17.9],[-47.4,-17.9],[-47.4,-17.8],[-47.3,-17.8],[-47.4,-17.8],[-47.3,-17.8],[-47.3,-17.7],[-47.3,-17.6],[-47.3,-17.5],[-47.4,-17.5],[-47.5,-17.5],[-47.5,-17.4],[-47.5,-17.3],[-47.5,-17.4],[-47.5,-17.3],[-47.4,-17.3],[-47.5,-17.3],[-47.4,-17.3],[-47.4,-17.2],[-47.3,-17.2],[-47.4,-17.2],[-47.3,-17.2],[-47.4,-17.2],[-47.3,-17.2],[-47.4,-17.2],[-47.3,-17.2],[-47.3,-17.1],[-47.3,-17.2],[-47.3,-17.1],[-47.3,-17.2],[-47.3,-17.1],[-47.2,-17.1],[-47.2,-17.0],[-47.1,-17.0],[-47.2,-17.0],[-47.1,-17.0],[-47.2,-17.0],[-47.2,-16.9],[-47.2,-16.8],[-47.2,-16.7],[-47.3,-16.7],[-47.2,-16.7],[-47.3,-16.7],[-47.2,-16.7],[-47.3,-16.7],[-47.3,-16.6],[-47.4,-16.6],[-47.4,-16.5],[-47.4,-16.6],[-47.4,-16.5],[-47.4,-16.6],[-47.4,-16.5],[-47.5,-16.5],[-47.4,-16.5],[-47.4,-16.4],[-47.4,-16.3],[-47.3,-16.3],[-47.4,-16.3],[-47.3,-16.3],[-47.3,-16.2],[-47.3,-16.1],[-47.4,-16.1],[-47.3,-16.1],[-47.3,-16.0],[-47.2,-16.0],[-47.2,-15.9],[-47.1,-15.9],[-47.2,-15.9],[-47.1,-15.9],[-47.1,-16.0],[-47.1,-15.9],[-47.0,-15.9],[-46.9,-15.9],[-46.8,-15.9],[-46.8,-15.8],[-46.8,-15.7],[-46.9,-15.7],[-46.9,-15.6],[-46.9,-15.5],[-46.9,-15.4],[-46.8,-15.4],[-46.9,-15.4],[-46.8,-15.3],[-46.9,-15.3],[-46.9,-15.2],[-46.9,-15.3],[-46.9,-15.2],[-46.9,-15.1],[-46.9,-15.0],[-46.8,-15.0],[-46.7,-15.0],[-46.7,-15.1],[-46.6,-15.1],[-46.5,-15.1],[-46.5,-15.0],[-46.5,-14.9],[-46.5,-14.8],[-46.6,-14.8],[-46.5,-14.8],[-46.5,-14.7],[-46.4,-14.7],[-46.4,-14.8],[-46.3,-14.8],[-46.3,-14.9],[-46.2,-14.9],[-46.1,-14.9],[-46.0,-14.9],[-46.0,-15.0],[-46.0,-15.1],[-46.0,-15.2],[-46.1,-15.2],[-46.1,-15.3],[-46.1,-15.2],[-46.0,-15.2],[-46.0,-15.1],[-45.9,-15.1],[-45.9,-15.2],[-45.9,-15.1],[-45.8,-15.1],[-45.7,-15.1],[-45.7,-15.0],[-45.6,-15.0],[-45.6,-14.9],[-45.5,-14.9],[-45.5,-15.0],[-45.5,-14.9],[-45.5,-15.0],[-45.5,-14.9],[-45.5,-15.0],[-45.5,-14.9],[-45.4,-14.9],[-45.5,-14.9],[-45.4,-14.9],[-45.3,-14.9],[-45.4,-14.9],[-45.3,-14.9],[-45.3,-14.8],[-45.2,-14.8],[-45.2,-14.7],[-45.1,-14.7],[-45.1,-14.8],[-45.1,-14.7],[-45.0,-14.7],[-45.0,-14.6],[-44.9,-14.6],[-44.8,-14.6],[-44.9,-14.6],[-44.8,-14.6],[-44.8,-14.5],[-44.7,-14.5],[-44.7,-14.4],[-44.7,-14.5],[-44.7,-14.4],[-44.6,-14.4],[-44.6,-14.3],[-44.5,-14.3],[-44.4,-14.3],[-44.3,-14.3],[-44.4,-14.3],[-44.3,-14.3],[-44.3,-14.2],[-44.3,-14.3],[-44.3,-14.2],[-44.3,-14.3],[-44.3,-14.2],[-44.3,-14.3],[-44.2,-14.3],[-44.2,-14.2]]]]}},{"type":"Feature","properties":{"sigla":"MS"},"geometry":{"type":"MultiPolygon","coordinates":[[[[-53.9,-17.9],[-53.8,-17.9],[-53.9,-17.9],[-53.8,-17.9],[-53.8,-18.0],[-53.7,-18.0],[-53.6,-18.0],[-53.5,-18.0],[-53.4,-18.0],[-53.3,-18.0],[-53.2,-18.0],[-53.1,-18.0],[-53.1,-18.1],[-53.1,-18.2],[-53.1,-18.3],[-53.0,-18.3],[-53.0,-18.4],[-53.0,-18.3],[-52.9,-18.3],[-52.8,-18.3],[-52.8,-18.4],[-52.9,-18.4],[-52.9,-18.5],[-53.0,-18.5],[-53.0,-18.6],[-52.9,-18.6],[-52.8,-18.7],[-52.7,-18.7],[-52.6,-18.7],[-52.5,-18.7],[-52.4,-18.7],[-52.4,-18.8],[-52.3,-18.8],[-52.2,-18.8],[-52.2,-18.9],[-52.2,-18.8],[-52.2,-18.9],[-52.1,-18.9],[-52.1,-19.0],[-52.1,-18.9],[-52.0,-19.0],[-51.9,-19.0],[-51.9,-19.1],[-51.8,-19.0],[-51.9,-19.0],[-51.8,-19.0],[-51.8,-19.1],[-51.7,-19.1],[-51.6,-19.1],[-51.5,-19.1],[-51.5,-19.2],[-51.5,-19.1],[-51.5,-19.2],[-51.4,-19.2],[-51.3,-19.2],[-51.3,-19.3],[-51.3,-19.2],[-51.3,-19.3],[-51.2,-19.3],[-51.1,-19.3],[-51.0,-19.3],[-51.0,-19.4],[-50.9,-19.5],[-51.0,-19.5],[-50.9,-19.5],[-50.9,-19.6],[-51.0,-19.6],[-51.0,-19.7],[-51.0,-19.8],[-51.0,-19.9],[-51.0,-20.0],[-51.0,-20.1],[-51.0,-20.2],[-51.1,-20.2],[-51.1,-20.3],[-51.2,-20.3],[-51.3,-20.3],[-51.3,-20.4],[-51.4,-20.4],[-51.4,-20.5],[-51.5,-20.5],[-51.5,-20.6],[-51.6,-20.6],[-51.6,-20.7],[-51.6,-20.8],[-51.6,-20.9],[-51.7,-21.0],[-51.8,-21.0],[-51.8,-21.1],[-51.9,-21.1],[-51.9,-21.2],[-51.9,-21.3],[-51.8,-21.3],[-51.9,-21.3],[-51.9,-21.4],[-51.9,-21.5],[-52.0,-21.5],[-52.1,-21.5],[-52.1,-21.6],[-52.0,-21.6],[-52.0,-21.7],[-52.1,-21.7],[-52.1,-21.8],[-52.2,-21.8],[-52.2,-21.9],[-52.3,-21.9],[-52.3,-22.0],[-52.3,-22.1],[-52.4,-22.1],[-52.5,-22.2],[-52.6,-22.2],[-52.6,-22.3],[-52.7,-22.3],[-52.8,-22.4],[-52.9,-22.4],[-52.9,-22.5],[-53.0,-22.5],[-53.1,-22.5],[-53.1,-22.6],[-53.1,-22.7],[-53.2,-22.7],[-53.3,-22.8],[-53.4,-22.8],[-53.5,-22.8],[-53.5,-22.9],[-53.6,-22.9],[-53.6,-23.0],[-53.6,-23.1],[-53.7,-23.2],[-53.7,-23.3],[-53.8,-23.4],[-53.9,-23.4],[-54.0,-23.4],[-54.0,-23.5],[-54.0,-23.6],[-54.0,-23.7],[-54.1,-23.7],[-54.1,-23.8],[-54.1,-23.9],[-54.1,-24.0],[-54.2,-24.0],[-54.2,-24.1],[-54.3,-24.1],[-54.3,-24.0],[-54.4,-24.0],[-54.4,-23.9],[-54.5,-23.9],[-54.6,-23.9],[-54.6,-23.8],[-54.6,-23.9],[-54.6,-23.8],[-54.7,-23.8],[-54.7,-23.9],[-54.8,-23.9],[-54.9,-23.9],[-54.9,-24.0],[-55.0,-24.0],[-55.1,-24.0],[-55.2,-24.0],[-55.3,-24.0],[-55.4,-24.0],[-55.4,-23.9],[-55.4,-23.8],[-55.4,-23.7],[-55.5,-23.7],[-55.5,-23.6],[-55.5,-23.5],[-55.6,-23.5],[-55.5,-23.5],[-55.5,-23.4],[-55.5,-23.3],[-55.6,-23.3],[-55.5,-23.3],[-55.5,-23.2],[-55.6,-23.2],[-55.6,-23.1],[-55.6,-23.2],[-55.6,-23.1],[-55.6,-23.0],[-55.6,-22.9],[-55.7,-22.9],[-55.6,-22.9],[-55.7,-22.9],[-55.6,-22.9],[-55.7,-22.9],[-55.7,-22.8],[-55.6,-22.8],[-55.7,-22.8],[-55.6,-22.8],[-55.6,-22.7],[-55.6,-22.6],[-55.7,-22.6],[-55.7,-22.5],[-55.8,-22.5],[-55.7,-22.5],[-55.7,-22.4],[-55.8,-22.4],[-55.8,-22.3],[-55.9,-22.3],[-56.0,-22.3],[-56.1,-22.3],[-56.2,-22.3],[-56.2,-22.2],[-56.3,-22.2],[-56.4,-22.2],[-56.4,-22.1],[-56.5,-22.1],[-56.5,-22.2],[-56.6,-22.2],[-56.6,-22.3],[-56.7,-22.3],[-56.7,-22.2],[-56.7,-22.3],[-56.7,-22.2],[-56.8,-22.2],[-56.8,-22.3],[-56.8,-22.2],[-56.8,-22.3],[-56.9,-22.3],[-56.9,-22.2],[-56.9,-22.3],[-57.0,-22.3],[-57.0,-22.2],[-57.1,-22.2],[-57.1,-22.3],[-57.1,-22.2],[-57.2,-22.2],[-57.3,-22.2],[-57.4,-22.2],[-57.5,-22.2],[-57.6,-22.2],[-57.6,-22.1],[-57.7,-22.1],[-57.8,-22.1],[-57.8,-22.2],[-57.8,-22.1],[-57.9,-22.1],[-58.0,-22.1],[-58.0,-22.0],[-57.9,-21.9],[-58.0,-21.9],[-58.0,-21.8],[-57.9,-21.8],[-57.9,-21.7],[-57.9,-21.6],[-58.0,-21.6],[-58.0,-21.5],[-57.9,-21.5],[-57.9,-21.4],[-57.9,-21.3],[-57.9,-21.2],[-57.8,-21.2],[-57.9,-21.2],[-57.9,-21.1],[-57.8,-21.1],[-57.9,-21.1],[-57.9,-21.0],[-57.8,-21.0],[-57.8,-20.9],[-57.9,-20.9],[-57.9,-20.8],[-58.0,-20.8],[-57.9,-20.8],[-57.9,-20.7],[-58.0,-20.7],[-58.0,-20.6],[-58.0,-20.5],[-58.0,-20.4],[-58.1,-20.4],[-58.1,-20.3],[-58.1,-20.2],[-58.1,-20.3],[-58.2,-20.3],[-58.2,-20.2],[-58.1,-20.2],[-58.2,-20.2],[-58.1,-20.2],[-58.1,-20.1],[-58.0,-20.1],[-58.0,-20.0],[-57.9,-20.0],[-58.1,-19.8],[-58.0,-19.5],[-57.8,-19.0],[-57.7,-19.0],[-57.7,-18.9],[-57.8,-18.9],[-57.6,-18.2],[-57.5,-18.2],[-57.6,-18.1],[-57.6,-18.0],[-57.7,-17.8],[-57.7,-17.7],[-57.8,-17.7],[-57.8,-17.6],[-57.7,-17.5],[-57.7,-17.6],[-57.7,-17.7],[-57.6,-17.7],[-57.6,-17.8],[-57.5,-17.8],[-57.5,-17.9],[-57.4,-17.9],[-57.4,-17.8],[-57.3,-17.8],[-57.2,-17.8],[-57.3,-17.8],[-57.2,-17.8],[-57.1,-17.8],[-57.1,-17.7],[-57.0,-17.7],[-57.0,-17.6],[-56.9,-17.6],[-56.9,-17.5],[-56.8,-17.5],[-56.8,-17.4],[-56.8,-17.3],[-56.7,-17.3],[-56.6,-17.3],[-56.5,-17.3],[-56.4,-17.3],[-56.3,-17.3],[-56.4,-17.3],[-56.3,-17.3],[-56.3,-17.2],[-56.2,-17.2],[-56.1,-17.2],[-56.0,-17.2],[-56.0,-17.3],[-56.0,-17.2],[-56.0,-17.3],[-56.0,-17.2],[-56.0,-17.3],[-55.9,-17.3],[-55.8,-17.3],[-55.7,-17.3],[-55.7,-17.4],[-55.7,-17.3],[-55.7,-17.4],[-55.7,-17.3],[-55.7,-17.4],[-55.6,-17.4],[-55.6,-17.3],[-55.6,-17.4],[-55.5,-17.4],[-55.6,-17.4],[-55.6,-17.5],[-55.5,-17.5],[-55.4,-17.5],[-55.3,-17.5],[-55.3,-17.6],[-55.2,-17.6],[-55.3,-17.6],[-55.2,-17.6],[-55.1,-17.6],[-55.1,-17.7],[-55.1,-17.6],[-55.0,-17.6],[-54.9,-17.6],[-54.8,-17.6],[-54.8,-17.5],[-54.7,-17.5],[-54.6,-17.5],[-54.5,-17.5],[-54.4,-17.5],[-54.4,-17.6],[-54.4,-17.7],[-54.3,-17.7],[-54.2,-17.6],[-54.1,-17.6],[-54.1,-17.5],[-54.0,-17.5],[-54.1,-17.5],[-54.0,-17.5],[-53.9,-17.5],[-53.9,-17.4],[-53.8,-17.4],[-53.8,-17.3],[-53.8,-17.2],[-53.7,-17.2],[-53.7,-17.3],[-53.7,-17.7],[-53.8,-17.7],[-53.9,-17.7],[-53.9,-17.8],[-53.9,-17.9],[-54.0,-17.9],[-53.9,-17.9],[-54.0,-17.9],[-53.9,-17.9],[-54.0,-17.9],[-53.9,-17.9]]]]}},{"type":"Feature","properties":{"sigla":"MT"},"geometry":{"type":"MultiPolygon","coordinates":[[[[-60.4,-13.3],[-60.3,-13.3],[-60.3,-13.2],[-60.3,-13.1],[-60.2,-13.1],[-60.2,-13.0],[-60.1,-13.0],[-60.1,-12.9],[-60.1,-12.8],[-60.1,-12.7],[-60.1,-12.6],[-60.0,-12.6],[-60.0,-12.5],[-59.9,-12.5],[-59.8,-12.5],[-59.8,-12.4],[-59.8,-12.3],[-59.9,-12.2],[-59.9,-12.1],[-60.0,-12.1],[-60.0,-12.0],[-60.0,-11.9],[-60.1,-11.9],[-60.1,-11.8],[-60.1,-11.7],[-60.1,-11.6],[-60.1,-11.5],[-60.0,-11.5],[-60.0,-11.4],[-59.9,-11.4],[-59.9,-11.3],[-60.0,-11.3],[-60.0,-11.2],[-60.0,-11.1],[-60.1,-11.1],[-60.2,-11.1],[-60.3,-11.1],[-60.4,-11.1],[-60.4,-11.0],[-60.5,-11.0],[-60.8,-11.0],[-61.0,-11.0],[-61.4,-11.0],[-61.5,-11.0],[-61.6,-11.0],[-61.5,-11.0],[-61.5,-10.9],[-61.5,-10.8],[-61.5,-10.7],[-61.5,-10.6],[-61.5,-10.5],[-61.5,-10.4],[-61.5,-10.3],[-61.6,-10.3],[-61.5,-10.3],[-61.6,-10.3],[-61.6,-10.2],[-61.6,-10.1],[-61.6,-10.0],[-61.5,-10.0],[-61.5,-9.9],[-61.5,-9.8],[-61.5,-9.7],[-61.6,-9.7],[-61.5,-9.7],[-61.5,-9.6],[-61.5,-9.5],[-61.6,-9.5],[-61.6,-9.4],[-61.6,-9.3],[-61.6,-9.2],[-61.5,-9.2],[-61.6,-9.1],[-61.5,-9.1],[-61.5,-9.0],[-61.5,-8.9],[-61.5,-8.8],[-61.6,-8.8],[-61.2,-8.8],[-60.8,-8.8],[-60.7,-8.8],[-60.4,-8.8],[-59.9,-8.8],[-59.7,-8.8],[-59.1,-8.8],[-58.5,-8.8],[-58.4,-8.8],[-58.4,-8.7],[-58.3,-8.7],[-58.4,-8.7],[-58.4,-8.6],[-58.4,-8.5],[-58.4,-8.4],[-58.3,-8.4],[-58.4,-8.4],[-58.3,-8.3],[-58.3,-8.2],[-58.3,-8.1],[-58.3,-8.0],[-58.4,-7.9],[-58.4,-7.8],[-58.3,-7.8],[-58.3,-7.7],[-58.2,-7.7],[-58.2,-7.6],[-58.2,-7.5],[-58.2,-7.4],[-58.1,-7.4],[-58.1,-7.3],[-58.1,-7.4],[-58.0,-7.5],[-57.9,-7.6],[-57.9,-7.7],[-57.9,-7.8],[-57.8,-7.9],[-57.8,-8.0],[-57.8,-8.1],[-57.7,-8.1],[-57.7,-8.2],[-57.6,-8.2],[-57.7,-8.2],[-57.7,-8.3],[-57.7,-8.4],[-57.7,-8.5],[-57.6,-8.5],[-57.6,-8.6],[-57.6,-8.7],[-57.6,-8.8],[-57.5,-8.7],[-57.5,-8.8],[-57.4,-8.8],[-57.4,-8.9],[-57.3,-8.9],[-57.2,-8.9],[-57.1,-9.0],[-57.1,-9.1],[-57.0,-9.1],[-57.1,-9.1],[-57.1,-9.2],[-57.0,-9.2],[-56.9,-9.2],[-56.8,-9.2],[-56.8,-9.3],[-56.8,-9.4],[-56.7,-9.4],[-56.3,-9.4],[-56.2,-9.4],[-55.8,-9.4],[-55.0,-9.5],[-54.9,-9.5],[-54.6,-9.5],[-54.3,-9.6],[-54.1,-9.6],[-53.6,-9.6],[-53.3,-9.6],[-53.1,-9.6],[-52.6,-9.7],[-52.4,-9.7],[-52.3,-9.7],[-52.0,-9.7],[-51.3,-9.8],[-51.0,-9.8],[-50.8,-9.8],[-50.2,-9.8],[-50.2,-9.9],[-50.3,-9.9],[-50.3,-10.0],[-50.3,-10.1],[-50.4,-10.1],[-50.4,-10.2],[-50.4,-10.3],[-50.4,-10.4],[-50.5,-10.4],[-50.5,-10.5],[-50.5,-10.6],[-50.6,-10.6],[-50.6,-10.7],[-50.6,-10.8],[-50.6,-10.9],[-50.6,-11.0],[-50.6,-11.1],[-50.7,-11.1],[-50.7,-11.2],[-50.7,-11.3],[-50.7,-11.4],[-50.7,-11.5],[-50.7,-11.6],[-50.7,-11.7],[-50.7,-11.8],[-50.7,-11.9],[-50.6,-11.9],[-50.7,-11.9],[-50.7,-12.0],[-50.7,-12.1],[-50.7,-12.2],[-50.6,-12.2],[-50.6,-12.3],[-50.6,-12.4],[-50.6,-12.5],[-50.7,-12.5],[-50.6,-12.5],[-50.7,-12.5],[-50.7,-12.6],[-50.6,-12.7],[-50.7,-12.7],[-50.6,-12.7],[-50.6,-12.8],[-50.5,-12.8],[-50.5,-12.9],[-50.5,-13.0],[-50.6,-13.0],[-50.6,-13.1],[-50.6,-13.2],[-50.6,-13.3],[-50.6,-13.4],[-50.7,-13.4],[-50.7,-13.5],[-50.8,-13.5],[-50.8,-13.6],[-50.8,-13.7],[-50.9,-13.7],[-50.9,-13.8],[-50.8,-13.9],[-50.9,-14.0],[-50.8,-14.0],[-50.9,-14.0],[-50.8,-14.1],[-50.9,-14.1],[-50.9,-14.2],[-51.0,-14.2],[-51.0,-14.3],[-51.0,-14.4],[-51.0,-14.5],[-51.0,-14.6],[-51.0,-14.7],[-51.1,-14.7],[-51.1,-14.8],[-51.0,-14.8],[-51.1,-14.8],[-51.1,-14.9],[-51.1,-15.0],[-51.2,-15.0],[-51.3,-15.0],[-51.4,-15.0],[-51.5,-15.0],[-51.5,-15.1],[-51.6,-15.1],[-51.6,-15.2],[-51.7,-15.2],[-51.7,-15.3],[-51.6,-15.3],[-51.7,-15.3],[-51.7,-15.4],[-51.7,-15.5],[-51.7,-15.6],[-51.8,-15.6],[-51.8,-15.5],[-51.8,-15.6],[-51.8,-15.7],[-51.8,-15.8],[-51.9,-15.8],[-52.0,-15.8],[-52.0,-15.9],[-52.1,-15.9],[-52.2,-15.9],[-52.3,-15.9],[-52.3,-16.0],[-52.3,-16.1],[-52.4,-16.1],[-52.5,-16.1],[-52.5,-16.2],[-52.6,-16.2],[-52.5,-16.3],[-52.6,-16.3],[-52.6,-16.2],[-52.6,-16.3],[-52.7,-16.3],[-52.7,-16.4],[-52.6,-16.4],[-52.6,-16.5],[-52.6,-16.6],[-52.6,-16.5],[-52.7,-16.5],[-52.7,-16.6],[-52.7,-16.7],[-52.8,-16.7],[-52.8,-16.8],[-52.9,-16.8],[-53.0,-16.8],[-52.9,-16.8],[-52.9,-16.9],[-53.0,-16.9],[-52.9,-16.9],[-53.0,-16.9],[-53.0,-17.0],[-53.1,-17.0],[-53.0,-17.0],[-53.1,-17.0],[-53.1,-17.1],[-53.1,-17.0],[-53.1,-17.1],[-53.1,-17.2],[-53.2,-17.2],[-53.2,-17.3],[-53.2,-17.4],[-53.2,-17.5],[-53.2,-17.6],[-53.3,-17.6],[-53.2,-17.6],[-53.3,-17.6],[-53.2,-17.7],[-53.2,-17.8],[-53.2,-17.7],[-53.2,-17.8],[-53.1,-17.8],[-53.1,-17.9],[-53.1,-18.0],[-53.2,-18.0],[-53.3,-18.0],[-53.4,-18.0],[-53.5,-18.0],[-53.6,-18.0],[-53.7,-18.0],[-53.8,-18.0],[-53.8,-17.9],[-53.9,-17.9],[-53.8,-17.9],[-53.9,-17.9],[-54.0,-17.9],[-53.9,-17.9],[-54.0,-17.9],[-53.9,-17.9],[-54.0,-17.9],[-53.9,-17.9],[-53.9,-17.8],[-53.9,-17.7],[-53.8,-17.7],[-53.7,-17.7],[-53.7,-17.3],[-53.7,-17.2],[-53.8,-17.2],[-53.8,-17.3],[-53.8,-17.4],[-53.9,-17.4],[-53.9,-17.5],[-54.0,-17.5],[-54.1,-17.5],[-54.0,-17.5],[-54.1,-17.5],[-54.1,-17.6],[-54.2,-17.6],[-54.3,-17.7],[-54.4,-17.7],[-54.4,-17.6],[-54.4,-17.5],[-54.5,-17.5],[-54.6,-17.5],[-54.7,-17.5],[-54.8,-17.5],[-54.8,-17.6],[-54.9,-17.6],[-55.0,-17.6],[-55.1,-17.6],[-55.1,-17.7],[-55.1,-17.6],[-55.2,-17.6],[-55.3,-17.6],[-55.2,-17.6],[-55.3,-17.6],[-55.3,-17.5],[-55.4,-17.5],[-55.5,-17.5],[-55.6,-17.5],[-55.6,-17.4],[-55.5,-17.4],[-55.6,-17.4],[-55.6,-17.3],[-55.6,-17.4],[-55.7,-17.4],[-55.7,-17.3],[-55.7,-17.4],[-55.7,-17.3],[-55.7,-17.4],[-55.7,-17.3],[-55.8,-17.3],[-55.9,-17.3],[-56.0,-17.3],[-56.0,-17.2],[-56.0,-17.3],[-56.0,-17.2],[-56.0,-17.3],[-56.0,-17.2],[-56.1,-17.2],[-56.2,-17.2],[-56.3,-17.2],[-56.3,-17.3],[-56.4,-17.3],[-56.3,-17.3],[-56.4,-17.3],[-56.5,-17.3],[-56.6,-17.3],[-56.7,-17.3],[-56.8,-17.3],[-56.8,-17.4],[-56.8,-17.5],[-56.9,-17.5],[-56.9,-17.6],[-57.0,-17.6],[-57.0,-17.7],[-57.1,-17.7],[-57.1,-17.8],[-57.2,-17.8],[-57.3,-17.8],[-57.2,-17.8],[-57.3,-17.8],[-57.4,-17.8],[-57.4,-17.9],[-57.5,-17.9],[-57.5,-17.8],[-57.6,-17.8],[-57.6,-17.7],[-57.7,-17.7],[-57.7,-17.6],[-57.7,-17.5],[-57.8,-17.6],[-57.8,-17.5],[-57.9,-17.4],[-58.0,-17.5],[-58.1,-17.5],[-58.1,-17.4],[-58.2,-17.4],[-58.2,-17.3],[-58.2,-17.4],[-58.2,-17.3],[-58.2,-17.4],[-58.3,-17.4],[-58.3,-17.3],[-58.3,-17.2],[-58.4,-17.2],[-58.4,-17.1],[-58.4,-17.0],[-58.5,-17.0],[-58.5,-16.9],[-58.5,-16.8],[-58.5,-16.7],[-58.5,-16.6],[-58.4,-16.6],[-58.4,-16.5],[-58.3,-16.5],[-58.4,-16.4],[-58.3,-16.4],[-58.3,-16.3],[-58.4,-16.3],[-58.8,-16.3],[-59.5,-16.3],[-59.8,-16.3],[-59.9,-16.3],[-60.0,-16.3],[-60.1,-16.3],[-60.2,-16.3],[-60.2,-15.6],[-60.2,-15.5],[-60.5,-15.2],[-60.5,-15.1],[-60.6,-15.1],[-60.5,-15.1],[-60.2,-15.1],[-60.3,-14.6],[-60.3,-14.5],[-60.4,-14.5],[-60.4,-14.4],[-60.4,-14.3],[-60.4,-14.4],[-60.4,-14.3],[-60.5,-14.3],[-60.4,-14.3],[-60.5,-14.3],[-60.4,-14.3],[-60.4,-14.2],[-60.5,-14.2],[-60.5,-14.1],[-60.4,-14.1],[-60.4,-14.0],[-60.4,-13.9],[-60.5,-13.9],[-60.5,-13.8],[-60.6,-13.8],[-60.6,-13.7],[-60.7,-13.7],[-60.7,-13.6],[-60.6,-13.6],[-60.6,-13.5],[-60.5,-13.5],[-60.4,-13.5],[-60.4,-13.4],[-60.4,-13.3]]]]}},{"type":"Feature","properties":{"sigla":"PA"},"geometry":{"type":"MultiPolygon","coordinates":[[[[-47.0,-0.7],[-47.0,-0.8],[-46.9,-0.8],[-47.0,-0.8],[-46.9,-0.8],[-46.9,-0.9],[-47.0,-0.9],[-46.9,-0.9],[-46.9,-0.8],[-46.8,-0.7],[-46.9,-0.7],[-46.8,-0.7],[-46.8,-0.8],[-46.9,-0.8],[-46.8,-0.8],[-46.9,-0.8],[-46.8,-0.8],[-46.9,-0.8],[-46.9,-0.9],[-46.8,-0.9],[-46.8,-0.8],[-46.8,-0.9],[-46.8,-0.8],[-46.8,-0.9],[-46.8,-0.8],[-46.7,-0.8],[-46.7,-0.9],[-46.7,-0.8],[-46.7,-0.9],[-46.7,-0.8],[-46.6,-0.8],[-46.6,-0.9],[-46.6,-0.8],[-46.6,-0.9],[-46.7,-0.9],[-46.6,-0.9],[-46.7,-0.9],[-46.7,-1.0],[-46.6,-1.0],[-46.7,-1.0],[-46.6,-1.0],[-46.6,-0.9],[-46.5,-0.9],[-46.5,-1.0],[-46.5,-0.9],[-46.5,-1.0],[-46.5,-0.9],[-46.4,-0.9],[-46.5,-0.9],[-46.5,-1.0],[-46.5,-1.1],[-46.5,-1.0],[-46.4,-1.0],[-46.4,-1.1],[-46.4,-1.0],[-46.4,-1.1],[-46.4,-1.0],[-46.3,-1.0],[-46.3,-1.1],[-46.3,-1.0],[-46.3,-1.1],[-46.3,-1.0],[-46.3,-0.9],[-46.2,-0.9],[-46.3,-0.9],[-46.2,-0.9],[-46.2,-1.0],[-46.3,-1.0],[-46.2,-1.0],[-46.2,-1.1],[-46.3,-1.1],[-46.3,-1.2],[-46.3,-1.1],[-46.2,-1.1],[-46.2,-1.0],[-46.2,-1.1],[-46.2,-1.2],[-46.2,-1.1],[-46.1,-1.1],[-46.2,-1.1],[-46.1,-1.1],[-46.2,-1.1],[-46.1,-1.1],[-46.1,-1.0],[-46.1,-1.1],[-46.1,-1.2],[-46.2,-1.2],[-46.1,-1.2],[-46.2,-1.3],[-46.1,-1.3],[-46.1,-1.4],[-46.2,-1.4],[-46.1,-1.4],[-46.2,-1.5],[-46.1,-1.5],[-46.1,-1.6],[-46.2,-1.6],[-46.1,-1.6],[-46.2,-1.6],[-46.2,-1.7],[-46.3,-1.7],[-46.3,-1.8],[-46.2,-1.8],[-46.2,-1.9],[-46.2,-2.0],[-46.3,-2.0],[-46.3,-2.1],[-46.3,-2.2],[-46.4,-2.2],[-46.4,-2.3],[-46.4,-2.2],[-46.4,-2.3],[-46.5,-2.4],[-46.4,-2.4],[-46.4,-2.5],[-46.5,-2.5],[-46.5,-2.6],[-46.6,-2.6],[-46.6,-2.7],[-46.6,-2.6],[-46.6,-2.7],[-46.7,-2.7],[-46.6,-2.7],[-46.7,-2.7],[-46.7,-2.8],[-46.6,-2.8],[-46.6,-2.9],[-46.7,-2.9],[-46.7,-3.0],[-46.6,-3.0],[-46.7,-3.0],[-46.6,-3.0],[-46.7,-3.0],[-46.7,-3.1],[-46.7,-3.2],[-46.8,-3.2],[-46.8,-3.3],[-46.9,-3.3],[-46.8,-3.3],[-46.9,-3.3],[-46.9,-3.4],[-47.0,-3.4],[-46.9,-3.4],[-46.9,-3.5],[-47.0,-3.4],[-46.9,-3.5],[-47.0,-3.5],[-46.9,-3.5],[-47.0,-3.5],[-47.0,-3.6],[-47.1,-3.6],[-47.0,-3.6],[-47.1,-3.6],[-47.0,-3.7],[-47.1,-3.7],[-47.0,-3.7],[-47.1,-3.7],[-47.0,-3.7],[-47.1,-3.7],[-47.1,-3.8],[-47.1,-3.9],[-47.2,-3.9],[-47.2,-4.0],[-47.3,-4.0],[-47.3,-4.1],[-47.3,-4.0],[-47.3,-4.1],[-47.4,-4.1],[-47.3,-4.1],[-47.3,-4.2],[-47.4,-4.2],[-47.4,-4.3],[-47.5,-4.3],[-47.5,-4.4],[-47.6,-4.5],[-47.6,-4.6],[-47.7,-4.6],[-47.8,-4.6],[-48.0,-4.8],[-48.1,-4.8],[-48.2,-4.9],[-48.4,-5.1],[-48.5,-5.1],[-48.6,-5.3],[-48.8,-5.3],[-48.8,-5.4],[-48.7,-5.4],[-48.6,-5.4],[-48.5,-5.4],[-48.4,-5.4],[-48.3,-5.4],[-48.3,-5.5],[-48.2,-5.6],[-48.1,-5.6],[-48.2,-5.7],[-48.3,-5.7],[-48.3,-5.8],[-48.3,-5.9],[-48.2,-5.9],[-48.2,-6.0],[-48.3,-6.0],[-48.3,-6.1],[-48.4,-6.1],[-48.4,-6.2],[-48.4,-6.3],[-48.4,-6.4],[-48.5,-6.4],[-48.6,-6.4],[-48.6,-6.5],[-48.7,-6.5],[-48.7,-6.6],[-48.7,-6.7],[-48.8,-6.7],[-48.8,-6.8],[-48.8,-6.7],[-48.9,-6.8],[-49.0,-6.8],[-49.1,-6.8],[-49.1,-6.9],[-49.2,-6.9],[-49.2,-7.0],[-49.2,-7.1],[-49.2,-7.2],[-49.2,-7.3],[-49.3,-7.3],[-49.3,-7.4],[-49.4,-7.5],[-49.4,-7.6],[-49.3,-7.7],[-49.2,-7.7],[-49.2,-7.8],[-49.1,-7.8],[-49.2,-7.8],[-49.2,-7.9],[-49.2,-8.0],[-49.2,-8.1],[-49.2,-8.2],[-49.3,-8.3],[-49.3,-8.4],[-49.4,-8.5],[-49.4,-8.6],[-49.5,-8.6],[-49.5,-8.7],[-49.5,-8.8],[-49.6,-8.8],[-49.7,-8.9],[-49.8,-8.9],[-49.8,-9.0],[-49.9,-9.1],[-49.9,-9.2],[-50.0,-9.2],[-50.0,-9.3],[-50.1,-9.3],[-50.1,-9.4],[-50.1,-9.5],[-50.1,-9.6],[-50.1,-9.7],[-50.2,-9.7],[-50.2,-9.8],[-50.8,-9.8],[-51.0,-9.8],[-51.3,-9.8],[-52.0,-9.7],[-52.3,-9.7],[-52.4,-9.7],[-52.6,-9.7],[-53.1,-9.6],[-53.3,-9.6],[-53.6,-9.6],[-54.1,-9.6],[-54.3,-9.6],[-54.6,-9.5],[-54.9,-9.5],[-55.0,-9.5],[-55.8,-9.4],[-56.2,-9.4],[-56.3,-9.4],[-56.7,-9.4],[-56.8,-9.4],[-56.8,-9.3],[-56.8,-9.2],[-56.9,-9.2],[-57.0,-9.2],[-57.1,-9.2],[-57.1,-9.1],[-57.0,-9.1],[-57.1,-9.1],[-57.1,-9.0],[-57.2,-8.9],[-57.3,-8.9],[-57.4,-8.9],[-57.4,-8.8],[-57.5,-8.8],[-57.5,-8.7],[-57.6,-8.8],[-57.6,-8.7],[-57.6,-8.6],[-57.6,-8.5],[-57.7,-8.5],[-57.7,-8.4],[-57.7,-8.3],[-57.7,-8.2],[-57.6,-8.2],[-57.7,-8.2],[-57.7,-8.1],[-57.8,-8.1],[-57.8,-8.0],[-57.8,-7.9],[-57.9,-7.8],[-57.9,-7.7],[-57.9,-7.6],[-58.0,-7.5],[-58.1,-7.4],[-58.1,-7.3],[-58.1,-7.4],[-58.1,-7.3],[-58.2,-7.3],[-58.2,-7.2],[-58.2,-7.1],[-58.3,-7.1],[-58.3,-7.0],[-58.4,-7.0],[-58.4,-6.9],[-58.5,-6.8],[-58.5,-6.7],[-58.4,-6.7],[-58.4,-6.6],[-58.3,-6.6],[-58.3,-6.5],[-58.2,-6.2],[-57.9,-5.6],[-57.5,-4.9],[-57.0,-3.8],[-57.0,-3.7],[-56.9,-3.6],[-56.9,-3.5],[-56.8,-3.3],[-56.8,-3.2],[-56.5,-2.6],[-56.4,-2.5],[-56.4,-2.4],[-56.5,-2.4],[-56.4,-2.4],[-56.4,-2.3],[-56.3,-2.3],[-56.3,-2.2],[-56.2,-2.2],[-56.2,-2.1],[-56.1,-2.1],[-56.1,-2.0],[-56.2,-2.0],[-56.2,-2.1],[-56.3,-2.1],[-56.4,-2.1],[-56.4,-2.2],[-56.5,-2.2],[-56.5,-2.1],[-56.5,-2.2],[-56.6,-2.2],[-56.7,-2.2],[-56.8,-2.2],[-56.8,-2.1],[-56.7,-2.1],[-56.7,-2.0],[-56.8,-2.0],[-56.9,-2.0],[-57.0,-2.0],[-57.0,-1.9],[-57.1,-1.9],[-57.1,-1.8],[-57.2,-1.8],[-57.2,-1.7],[-57.3,-1.7],[-57.4,-1.7],[-57.5,-1.7],[-57.5,-1.6],[-57.5,-1.7],[-57.5,-1.6],[-57.6,-1.6],[-57.7,-1.6],[-57.7,-1.5],[-57.8,-1.5],[-57.8,-1.4],[-57.9,-1.4],[-58.0,-1.4],[-58.0,-1.3],[-58.0,-1.2],[-58.0,-1.1],[-58.1,-1.1],[-58.1,-1.2],[-58.2,-1.2],[-58.3,-1.1],[-58.4,-1.1],[-58.4,-1.0],[-58.5,-0.9],[-58.4,-0.9],[-58.5,-0.9],[-58.4,-0.9],[-58.5,-0.9],[-58.5,-0.8],[-58.6,-0.8],[-58.6,-0.7],[-58.7,-0.7],[-58.7,-0.6],[-58.7,-0.5],[-58.7,-0.4],[-58.8,-0.4],[-58.9,-0.3],[-58.9,-0.2],[-58.9,-0.1],[-58.9,-0.0],[-58.9,0.3],[-58.9,0.6],[-58.9,1.2],[-58.8,1.2],[-58.7,1.2],[-58.7,1.3],[-58.6,1.3],[-58.5,1.3],[-58.5,1.4],[-58.5,1.5],[-58.4,1.5],[-58.4,1.6],[-58.3,1.6],[-58.2,1.6],[-58.2,1.5],[-58.2,1.6],[-58.2,1.5],[-58.1,1.5],[-58.0,1.5],[-58.0,1.6],[-58.0,1.7],[-58.0,1.6],[-57.9,1.6],[-57.9,1.7],[-57.8,1.7],[-57.7,1.7],[-57.6,1.7],[-57.5,1.7],[-57.5,1.8],[-57.4,1.8],[-57.4,1.9],[-57.4,2.0],[-57.3,2.0],[-57.3,1.9],[-57.2,1.9],[-57.2,2.0],[-57.1,2.0],[-57.0,2.0],[-57.0,1.9],[-56.9,1.9],[-56.8,1.9],[-56.7,1.9],[-56.6,1.9],[-56.5,1.9],[-56.5,2.0],[-56.5,1.9],[-56.5,2.0],[-56.4,1.9],[-56.4,2.0],[-56.4,1.9],[-56.3,1.9],[-56.2,1.9],[-56.1,1.9],[-56.1,1.8],[-56.1,1.9],[-56.1,1.8],[-56.1,1.9],[-56.0,1.9],[-56.0,1.8],[-56.0,1.9],[-56.0,1.8],[-55.9,1.9],[-55.9,2.0],[-55.9,2.1],[-56.0,2.1],[-56.0,2.2],[-56.1,2.2],[-56.0,2.2],[-56.1,2.2],[-56.1,2.3],[-56.1,2.2],[-56.1,2.3],[-56.1,2.4],[-56.1,2.3],[-56.0,2.3],[-56.0,2.4],[-56.0,2.5],[-55.9,2.5],[-55.8,2.5],[-55.8,2.4],[-55.7,2.4],[-55.6,2.4],[-55.5,2.4],[-55.4,2.4],[-55.3,2.4],[-55.4,2.5],[-55.3,2.5],[-55.2,2.5],[-55.2,2.6],[-55.1,2.6],[-55.1,2.5],[-55.1,2.6],[-55.0,2.6],[-54.9,2.5],[-54.9,2.4],[-54.8,2.4],[-54.8,2.3],[-54.8,2.2],[-54.8,2.1],[-54.8,2.0],[-54.8,1.9],[-54.7,1.8],[-54.8,1.8],[-54.7,1.8],[-54.8,1.8],[-54.7,1.8],[-54.6,1.8],[-54.5,1.8],[-54.5,1.7],[-54.5,1.8],[-54.5,1.7],[-54.5,1.8],[-54.4,1.8],[-54.4,1.7],[-54.4,1.8],[-54.4,1.7],[-54.3,1.7],[-54.2,1.7],[-54.2,1.6],[-54.2,1.7],[-54.2,1.6],[-54.1,1.6],[-54.1,1.5],[-54.0,1.5],[-53.9,1.5],[-53.9,1.4],[-53.9,1.5],[-53.9,1.4],[-53.8,1.4],[-53.9,1.4],[-53.8,1.4],[-53.7,1.4],[-53.6,1.4],[-53.7,1.4],[-53.7,1.3],[-53.6,1.3],[-53.6,1.4],[-53.6,1.3],[-53.6,1.4],[-53.5,1.3],[-53.6,1.3],[-53.5,1.3],[-53.5,1.2],[-53.4,1.2],[-53.4,1.1],[-53.4,1.2],[-53.5,1.1],[-53.4,1.1],[-53.4,1.0],[-53.4,0.9],[-53.3,0.9],[-53.3,0.8],[-53.2,0.8],[-53.2,0.7],[-53.1,0.7],[-53.1,0.6],[-53.2,0.6],[-53.1,0.6],[-53.1,0.5],[-53.2,0.5],[-53.2,0.4],[-53.1,0.3],[-53.1,0.2],[-53.0,0.1],[-53.0,0.0],[-53.0,-0.1],[-52.9,-0.1],[-52.9,-0.2],[-52.9,-0.1],[-52.8,-0.2],[-52.8,-0.3],[-52.7,-0.3],[-52.7,-0.4],[-52.7,-0.5],[-52.6,-0.6],[-52.5,-0.6],[-52.5,-0.7],[-52.5,-0.8],[-52.5,-0.9],[-52.5,-0.8],[-52.4,-0.8],[-52.4,-0.9],[-52.4,-1.0],[-52.4,-1.1],[-52.4,-1.0],[-52.4,-1.1],[-52.3,-1.1],[-52.2,-1.1],[-52.1,-1.1],[-52.1,-1.2],[-52.0,-1.2],[-52.1,-1.2],[-52.0,-1.2],[-52.0,-1.1],[-52.0,-1.2],[-51.9,-1.2],[-51.9,-1.1],[-51.9,-1.2],[-51.8,-1.2],[-51.8,-1.1],[-51.7,-1.1],[-51.7,-1.0],[-51.7,-0.9],[-51.7,-0.8],[-51.6,-0.7],[-51.6,-0.6],[-51.5,-0.6],[-51.5,-0.5],[-51.4,-0.5],[-51.4,-0.4],[-51.4,-0.3],[-51.3,-0.3],[-51.3,-0.2],[-51.2,-0.1],[-51.1,-0.1],[-51.0,-0.0],[-50.9,0.1],[-50.8,0.1],[-50.7,0.1],[-50.7,0.2],[-50.6,0.2],[-50.6,0.3],[-50.5,0.3],[-50.5,0.4],[-50.5,0.5],[-50.5,0.6],[-50.4,0.6],[-50.3,0.7],[-50.2,0.7],[-50.1,0.7],[-50.1,0.6],[-50.0,0.6],[-50.0,0.5],[-50.1,0.4],[-50.1,0.3],[-50.0,0.3],[-49.9,0.3],[-49.8,0.3],[-49.7,0.3],[-49.7,0.4],[-49.7,0.3],[-49.7,0.4],[-49.7,0.3],[-49.6,0.3],[-49.6,0.2],[-49.5,0.1],[-49.4,0.1],[-49.4,0.0],[-49.0,-0.2],[-48.9,-0.2],[-48.8,-0.2],[-48.7,-0.3],[-48.7,-0.2],[-48.6,-0.2],[-48.5,-0.2],[-48.4,-0.2],[-48.4,-0.3],[-48.4,-0.4],[-48.5,-0.5],[-48.2,-0.6],[-48.0,-0.7],[-48.0,-0.6],[-47.9,-0.6],[-47.8,-0.6],[-47.9,-0.6],[-47.9,-0.7],[-47.8,-0.7],[-47.8,-0.6],[-47.8,-0.5],[-47.8,-0.6],[-47.7,-0.6],[-47.8,-0.6],[-47.7,-0.6],[-47.7,-0.5],[-47.7,-0.6],[-47.6,-0.6],[-47.6,-0.7],[-47.6,-0.6],[-47.5,-0.6],[-47.5,-0.7],[-47.5,-0.8],[-47.5,-0.7],[-47.5,-0.6],[-47.4,-0.6],[-47.4,-0.7],[-47.4,-0.6],[-47.4,-0.7],[-47.4,-0.6],[-47.4,-0.7],[-47.4,-0.6],[-47.3,-0.6],[-47.3,-0.7],[-47.3,-0.6],[-47.2,-0.6],[-47.2,-0.7],[-47.2,-0.8],[-47.2,-0.7],[-47.1,-0.7],[-47.1,-0.8],[-47.1,-0.7],[-47.1,-0.8],[-47.1,-0.7],[-47.0,-0.7],[-47.1,-0.7],[-47.1,-0.8],[-47.0,-0.8],[-47.0,-0.7]]],[[[-46.3,-1.0],[-46.3,-0.9],[-46.3,-1.0],[-46.3,-0.9],[-46.3,-1.0]]]]}},{"type":"Feature","properties":{"sigla":"PB"},"geometry":{"type":"MultiPolygon","coordinates":[[[[-37.2,-6.0],[-37.2,-6.1],[-37.2,-6.2],[-37.3,-6.2],[-37.3,-6.3],[-37.4,-6.3],[-37.4,-6.4],[-37.4,-6.5],[-37.5,-6.5],[-37.5,-6.6],[-37.5,-6.7],[-37.4,-6.7],[-37.3,-6.7],[-37.3,-6.8],[-37.2,-6.8],[-37.1,-6.8],[-37.1,-6.7],[-37.0,-6.7],[-37.0,-6.8],[-36.9,-6.8],[-36.8,-6.7],[-36.8,-6.8],[-36.7,-6.8],[-36.7,-6.9],[-36.8,-6.9],[-36.7,-7.0],[-36.7,-6.9],[-36.6,-6.9],[-36.6,-6.8],[-36.5,-6.8],[-36.5,-6.7],[-36.6,-6.7],[-36.5,-6.7],[-36.5,-6.6],[-36.4,-6.6],[-36.5,-6.6],[-36.5,-6.5],[-36.5,-6.4],[-36.4,-6.4],[-36.4,-6.3],[-36.3,-6.3],[-36.3,-6.4],[-36.2,-6.4],[-36.1,-6.4],[-36.0,-6.4],[-36.0,-6.5],[-35.9,-6.5],[-35.8,-6.5],[-35.7,-6.5],[-35.7,-6.4],[-35.7,-6.5],[-35.7,-6.4],[-35.6,-6.5],[-35.5,-6.5],[-35.4,-6.5],[-35.3,-6.5],[-35.2,-6.5],[-35.2,-6.6],[-35.1,-6.6],[-35.1,-6.5],[-35.0,-6.5],[-35.0,-6.6],[-35.0,-6.7],[-34.9,-6.7],[-34.9,-6.8],[-34.9,-6.9],[-34.9,-7.0],[-34.8,-7.0],[-34.8,-7.1],[-34.8,-7.2],[-34.8,-7.3],[-34.8,-7.4],[-34.8,-7.5],[-34.9,-7.5],[-35.0,-7.5],[-35.0,-7.4],[-35.1,-7.4],[-35.2,-7.4],[-35.3,-7.4],[-35.4,-7.4],[-35.3,-7.4],[-35.4,-7.4],[-35.4,-7.5],[-35.5,-7.4],[-35.5,-7.5],[-35.5,-7.6],[-35.5,-7.7],[-35.6,-7.7],[-35.7,-7.7],[-35.8,-7.7],[-35.8,-7.8],[-35.8,-7.7],[-35.9,-7.8],[-35.9,-7.7],[-35.9,-7.8],[-36.0,-7.8],[-36.1,-7.8],[-36.2,-7.8],[-36.3,-7.8],[-36.2,-7.8],[-36.3,-7.8],[-36.4,-7.8],[-36.4,-7.9],[-36.5,-7.9],[-36.6,-7.9],[-36.6,-8.0],[-36.6,-7.9],[-36.6,-8.0],[-36.6,-8.1],[-36.7,-8.1],[-36.6,-8.1],[-36.7,-8.1],[-36.7,-8.2],[-36.8,-8.2],[-36.9,-8.2],[-36.9,-8.3],[-37.0,-8.3],[-37.1,-8.3],[-37.1,-8.2],[-37.2,-8.2],[-37.2,-8.1],[-37.1,-8.1],[-37.2,-8.1],[-37.1,-8.0],[-37.2,-8.0],[-37.3,-8.0],[-37.4,-8.0],[-37.3,-8.0],[-37.3,-7.9],[-37.2,-7.9],[-37.2,-7.8],[-37.1,-7.8],[-37.1,-7.7],[-37.2,-7.7],[-37.2,-7.6],[-37.1,-7.5],[-37.0,-7.5],[-37.0,-7.4],[-37.1,-7.4],[-37.1,-7.3],[-37.2,-7.3],[-37.3,-7.3],[-37.4,-7.3],[-37.3,-7.3],[-37.4,-7.3],[-37.4,-7.4],[-37.5,-7.4],[-37.5,-7.5],[-37.6,-7.5],[-37.7,-7.5],[-37.7,-7.6],[-37.8,-7.6],[-37.7,-7.6],[-37.7,-7.7],[-37.8,-7.7],[-37.8,-7.6],[-37.9,-7.6],[-37.9,-7.7],[-37.9,-7.8],[-38.0,-7.8],[-38.0,-7.7],[-38.1,-7.8],[-38.2,-7.8],[-38.3,-7.8],[-38.3,-7.7],[-38.4,-7.7],[-38.5,-7.7],[-38.5,-7.8],[-38.5,-7.7],[-38.6,-7.8],[-38.6,-7.7],[-38.6,-7.8],[-38.6,-7.7],[-38.7,-7.7],[-38.7,-7.6],[-38.7,-7.5],[-38.6,-7.5],[-38.6,-7.4],[-38.5,-7.3],[-38.6,-7.3],[-38.6,-7.2],[-38.7,-7.2],[-38.7,-7.1],[-38.7,-7.0],[-38.8,-7.0],[-38.7,-7.0],[-38.8,-7.0],[-38.8,-6.9],[-38.7,-6.9],[-38.7,-6.8],[-38.6,-6.8],[-38.7,-6.8],[-38.6,-6.8],[-38.7,-6.7],[-38.6,-6.7],[-38.7,-6.6],[-38.6,-6.6],[-38.6,-6.5],[-38.6,-6.4],[-38.5,-6.4],[-38.6,-6.4],[-38.5,-6.4],[-38.5,-6.3],[-38.5,-6.4],[-38.5,-6.3],[-38.5,-6.4],[-38.4,-6.4],[-38.4,-6.5],[-38.3,-6.5],[-38.2,-6.5],[-38.1,-6.5],[-38.1,-6.4],[-38.0,-6.4],[-38.0,-6.5],[-38.0,-6.4],[-37.9,-6.4],[-37.8,-6.4],[-37.8,-6.3],[-37.8,-6.2],[-37.7,-6.2],[-37.6,-6.2],[-37.5,-6.2],[-37.5,-6.1],[-37.5,-6.2],[-37.5,-6.1],[-37.4,-6.1],[-37.3,-6.1],[-37.3,-6.0],[-37.3,-6.1],[-37.3,-6.0],[-37.2,-6.0]]]]}},{"type":"Feature","properties":{"sigla":"PE"},"geometry":{"type":"MultiPolygon","coordinates":[[[[-37.2,-7.3],[-37.1,-7.3],[-37.1,-7.4],[-37.0,-7.4],[-37.0,-7.5],[-37.1,-7.5],[-37.2,-7.6],[-37.2,-7.7],[-37.1,-7.7],[-37.1,-7.8],[-37.2,-7.8],[-37.2,-7.9],[-37.3,-7.9],[-37.3,-8.0],[-37.4,-8.0],[-37.3,-8.0],[-37.2,-8.0],[-37.1,-8.0],[-37.2,-8.1],[-37.1,-8.1],[-37.2,-8.1],[-37.2,-8.2],[-37.1,-8.2],[-37.1,-8.3],[-37.0,-8.3],[-36.9,-8.3],[-36.9,-8.2],[-36.8,-8.2],[-36.7,-8.2],[-36.7,-8.1],[-36.6,-8.1],[-36.7,-8.1],[-36.6,-8.1],[-36.6,-8.0],[-36.6,-7.9],[-36.6,-8.0],[-36.6,-7.9],[-36.5,-7.9],[-36.4,-7.9],[-36.4,-7.8],[-36.3,-7.8],[-36.2,-7.8],[-36.3,-7.8],[-36.2,-7.8],[-36.1,-7.8],[-36.0,-7.8],[-35.9,-7.8],[-35.9,-7.7],[-35.9,-7.8],[-35.8,-7.7],[-35.8,-7.8],[-35.8,-7.7],[-35.7,-7.7],[-35.6,-7.7],[-35.5,-7.7],[-35.5,-7.6],[-35.5,-7.5],[-35.5,-7.4],[-35.4,-7.5],[-35.4,-7.4],[-35.3,-7.4],[-35.4,-7.4],[-35.3,-7.4],[-35.2,-7.4],[-35.1,-7.4],[-35.0,-7.4],[-35.0,-7.5],[-34.9,-7.5],[-34.8,-7.5],[-34.8,-7.6],[-34.8,-7.7],[-34.8,-7.8],[-34.8,-7.9],[-34.8,-8.0],[-34.9,-8.0],[-34.9,-8.1],[-34.9,-8.2],[-34.9,-8.3],[-35.0,-8.3],[-34.9,-8.3],[-34.9,-8.4],[-35.0,-8.4],[-35.0,-8.5],[-35.0,-8.6],[-35.1,-8.6],[-35.1,-8.7],[-35.1,-8.8],[-35.1,-8.9],[-35.2,-8.9],[-35.3,-8.9],[-35.4,-8.9],[-35.4,-8.8],[-35.5,-8.8],[-35.6,-8.8],[-35.6,-8.9],[-35.7,-8.9],[-35.8,-8.9],[-35.8,-8.8],[-35.8,-8.9],[-35.9,-8.9],[-36.0,-8.9],[-36.1,-8.9],[-36.1,-9.0],[-36.2,-9.0],[-36.2,-9.1],[-36.3,-9.1],[-36.2,-9.1],[-36.2,-9.2],[-36.3,-9.2],[-36.4,-9.2],[-36.3,-9.2],[-36.4,-9.2],[-36.5,-9.2],[-36.5,-9.3],[-36.6,-9.3],[-36.7,-9.3],[-36.8,-9.3],[-36.9,-9.3],[-36.9,-9.4],[-37.0,-9.4],[-37.0,-9.3],[-37.1,-9.3],[-37.1,-9.2],[-37.1,-9.3],[-37.2,-9.3],[-37.2,-9.2],[-37.3,-9.2],[-37.3,-9.1],[-37.4,-9.1],[-37.4,-9.0],[-37.5,-9.0],[-37.6,-9.0],[-37.7,-9.0],[-37.7,-8.9],[-37.8,-8.9],[-37.8,-9.0],[-37.9,-9.0],[-37.9,-9.1],[-38.0,-9.1],[-38.0,-9.2],[-38.1,-9.2],[-38.2,-9.2],[-38.2,-9.3],[-38.3,-9.3],[-38.3,-9.2],[-38.3,-9.1],[-38.3,-9.0],[-38.4,-9.0],[-38.5,-9.0],[-38.5,-8.9],[-38.5,-8.8],[-38.6,-8.8],[-38.6,-8.9],[-38.6,-9.0],[-38.7,-9.0],[-38.7,-8.9],[-38.7,-8.8],[-38.8,-8.8],[-38.9,-8.8],[-39.0,-8.8],[-39.0,-8.7],[-39.1,-8.7],[-39.2,-8.7],[-39.2,-8.6],[-39.3,-8.6],[-39.4,-8.5],[-39.4,-8.6],[-39.5,-8.6],[-39.6,-8.6],[-39.6,-8.7],[-39.7,-8.7],[-39.7,-8.8],[-39.8,-8.8],[-39.9,-8.8],[-39.9,-8.9],[-39.9,-9.0],[-40.0,-9.0],[-40.0,-9.1],[-40.1,-9.1],[-40.2,-9.1],[-40.3,-9.1],[-40.3,-9.2],[-40.3,-9.3],[-40.3,-9.4],[-40.4,-9.4],[-40.5,-9.4],[-40.6,-9.5],[-40.7,-9.5],[-40.7,-9.4],[-40.8,-9.4],[-40.8,-9.5],[-40.8,-9.4],[-40.7,-9.4],[-40.7,-9.3],[-40.8,-9.3],[-40.7,-9.3],[-40.7,-9.2],[-40.7,-9.1],[-40.8,-9.1],[-40.8,-9.0],[-40.9,-9.0],[-40.9,-8.9],[-40.9,-8.8],[-41.0,-8.8],[-41.1,-8.8],[-41.1,-8.7],[-41.2,-8.7],[-41.3,-8.7],[-41.4,-8.7],[-41.3,-8.7],[-41.2,-8.7],[-41.2,-8.6],[-41.2,-8.5],[-41.1,-8.5],[-41.0,-8.4],[-40.9,-8.4],[-40.8,-8.4],[-40.8,-8.3],[-40.8,-8.2],[-40.7,-8.2],[-40.6,-8.2],[-40.6,-8.1],[-40.6,-8.0],[-40.5,-8.0],[-40.5,-7.9],[-40.5,-7.8],[-40.6,-7.8],[-40.7,-7.8],[-40.7,-7.7],[-40.6,-7.6],[-40.7,-7.6],[-40.7,-7.5],[-40.7,-7.4],[-40.5,-7.4],[-40.4,-7.4],[-40.3,-7.4],[-40.2,-7.4],[-40.1,-7.4],[-40.0,-7.4],[-39.9,-7.4],[-39.9,-7.3],[-39.8,-7.3],[-39.7,-7.3],[-39.6,-7.3],[-39.6,-7.4],[-39.5,-7.4],[-39.4,-7.5],[-39.3,-7.5],[-39.3,-7.6],[-39.3,-7.7],[-39.2,-7.7],[-39.3,-7.7],[-39.2,-7.7],[-39.1,-7.7],[-39.1,-7.8],[-39.1,-7.9],[-39.1,-7.8],[-39.0,-7.8],[-38.9,-7.8],[-38.9,-7.7],[-38.9,-7.8],[-38.9,-7.7],[-38.8,-7.7],[-38.7,-7.7],[-38.7,-7.6],[-38.7,-7.7],[-38.6,-7.7],[-38.6,-7.8],[-38.6,-7.7],[-38.6,-7.8],[-38.5,-7.7],[-38.5,-7.8],[-38.5,-7.7],[-38.4,-7.7],[-38.3,-7.7],[-38.3,-7.8],[-38.2,-7.8],[-38.1,-7.8],[-38.0,-7.7],[-38.0,-7.8],[-37.9,-7.8],[-37.9,-7.7],[-37.9,-7.6],[-37.8,-7.6],[-37.8,-7.7],[-37.7,-7.7],[-37.7,-7.6],[-37.8,-7.6],[-37.7,-7.6],[-37.7,-7.5],[-37.6,-7.5],[-37.5,-7.5],[-37.5,-7.4],[-37.4,-7.4],[-37.4,-7.3],[-37.3,-7.3],[-37.4,-7.3],[-37.3,-7.3],[-37.2,-7.3]]],[[[-32.4,-3.8],[-32.4,-3.9],[-32.5,-3.9],[-32.4,-3.9],[-32.4,-3.8]]]]}},{"type":"Feature","properties":{"sigla":"PI"},"geometry":{"type":"MultiPolygon","coordinates":[[[[-41.7,-2.8],[-41.7,-2.9],[-41.6,-2.9],[-41.5,-2.9],[-41.4,-2.9],[-41.3,-2.9],[-41.3,-3.0],[-41.2,-3.0],[-41.3,-3.0],[-41.3,-3.1],[-41.3,-3.2],[-41.4,-3.3],[-41.4,-3.4],[-41.3,-3.4],[-41.3,-3.5],[-41.3,-3.6],[-41.4,-3.6],[-41.3,-3.6],[-41.3,-3.7],[-41.2,-3.7],[-41.3,-3.7],[-41.3,-3.8],[-41.3,-3.9],[-41.2,-3.9],[-41.2,-4.0],[-41.3,-4.0],[-41.2,-4.0],[-41.1,-4.0],[-41.1,-4.1],[-41.1,-4.2],[-41.1,-4.3],[-41.1,-4.4],[-41.2,-4.4],[-41.2,-4.5],[-41.2,-4.6],[-41.2,-4.7],[-41.2,-4.8],[-41.2,-4.9],[-41.2,-5.0],[-41.1,-5.0],[-41.1,-5.1],[-41.0,-5.1],[-41.0,-5.2],[-41.0,-5.1],[-41.0,-5.2],[-40.9,-5.2],[-40.9,-5.3],[-40.9,-5.4],[-40.9,-5.5],[-40.9,-5.6],[-40.9,-5.7],[-40.9,-5.8],[-40.9,-5.9],[-40.9,-6.0],[-40.9,-6.1],[-40.8,-6.1],[-40.9,-6.2],[-40.8,-6.2],[-40.9,-6.2],[-40.8,-6.3],[-40.8,-6.4],[-40.8,-6.5],[-40.7,-6.6],[-40.7,-6.7],[-40.6,-6.7],[-40.5,-6.7],[-40.5,-6.8],[-40.4,-6.8],[-40.4,-6.9],[-40.4,-7.0],[-40.4,-7.1],[-40.5,-7.1],[-40.5,-7.2],[-40.5,-7.3],[-40.5,-7.4],[-40.7,-7.4],[-40.7,-7.5],[-40.7,-7.6],[-40.6,-7.6],[-40.7,-7.7],[-40.7,-7.8],[-40.6,-7.8],[-40.5,-7.8],[-40.5,-7.9],[-40.5,-8.0],[-40.6,-8.0],[-40.6,-8.1],[-40.6,-8.2],[-40.7,-8.2],[-40.8,-8.2],[-40.8,-8.3],[-40.8,-8.4],[-40.9,-8.4],[-41.0,-8.4],[-41.1,-8.5],[-41.2,-8.5],[-41.2,-8.6],[-41.2,-8.7],[-41.3,-8.7],[-41.4,-8.7],[-41.4,-8.8],[-41.5,-8.8],[-41.5,-8.9],[-41.5,-9.0],[-41.6,-9.0],[-41.7,-9.0],[-41.7,-9.1],[-41.8,-9.1],[-41.8,-9.2],[-41.9,-9.2],[-41.9,-9.3],[-42.0,-9.3],[-42.0,-9.2],[-42.0,-9.3],[-42.0,-9.2],[-42.0,-9.3],[-42.1,-9.3],[-42.2,-9.3],[-42.3,-9.3],[-42.4,-9.3],[-42.4,-9.4],[-42.4,-9.5],[-42.5,-9.5],[-42.6,-9.5],[-42.7,-9.5],[-42.7,-9.6],[-42.8,-9.6],[-42.8,-9.5],[-42.9,-9.6],[-42.9,-9.5],[-43.0,-9.5],[-43.0,-9.4],[-43.1,-9.4],[-43.2,-9.4],[-43.3,-9.4],[-43.4,-9.4],[-43.4,-9.3],[-43.5,-9.3],[-43.6,-9.3],[-43.6,-9.4],[-43.7,-9.4],[-43.8,-9.4],[-43.8,-9.5],[-43.9,-9.6],[-43.8,-9.6],[-43.8,-9.7],[-43.8,-9.8],[-43.7,-9.8],[-43.7,-9.9],[-43.7,-10.0],[-43.7,-10.1],[-43.8,-10.1],[-43.8,-10.2],[-43.8,-10.3],[-43.9,-10.3],[-43.9,-10.4],[-44.0,-10.4],[-44.0,-10.5],[-44.1,-10.5],[-44.1,-10.6],[-44.2,-10.6],[-44.3,-10.6],[-44.3,-10.5],[-44.4,-10.6],[-44.5,-10.6],[-44.6,-10.6],[-44.6,-10.7],[-44.7,-10.7],[-44.7,-10.8],[-44.8,-10.8],[-44.8,-10.9],[-44.9,-10.9],[-45.0,-10.9],[-45.1,-10.8],[-45.2,-10.8],[-45.3,-10.8],[-45.4,-10.7],[-45.4,-10.6],[-45.4,-10.5],[-45.4,-10.4],[-45.5,-10.3],[-45.5,-10.2],[-45.6,-10.2],[-45.6,-10.1],[-45.7,-10.1],[-45.7,-10.2],[-45.8,-10.3],[-45.9,-10.2],[-45.9,-10.3],[-46.0,-10.2],[-45.9,-10.2],[-45.9,-10.1],[-45.9,-10.0],[-45.8,-10.0],[-45.8,-9.9],[-45.9,-9.9],[-45.9,-9.8],[-45.8,-9.8],[-45.8,-9.7],[-45.8,-9.6],[-45.8,-9.5],[-45.8,-9.4],[-45.9,-9.4],[-45.9,-9.3],[-45.9,-9.2],[-45.9,-9.1],[-45.9,-9.0],[-46.0,-9.0],[-46.0,-8.9],[-46.0,-8.8],[-45.9,-8.8],[-46.0,-8.8],[-45.9,-8.8],[-45.9,-8.7],[-45.8,-8.7],[-45.8,-8.6],[-45.8,-8.5],[-45.7,-8.5],[-45.7,-8.4],[-45.7,-8.3],[-45.7,-8.2],[-45.6,-8.2],[-45.6,-8.1],[-45.6,-8.0],[-45.5,-8.0],[-45.6,-8.0],[-45.5,-8.0],[-45.6,-8.0],[-45.5,-7.9],[-45.5,-7.8],[-45.5,-7.7],[-45.5,-7.8],[-45.5,-7.7],[-45.4,-7.7],[-45.5,-7.7],[-45.4,-7.7],[-45.4,-7.6],[-45.3,-7.6],[-45.2,-7.5],[-45.2,-7.6],[-45.2,-7.5],[-45.1,-7.5],[-45.0,-7.5],[-44.9,-7.5],[-44.9,-7.4],[-44.8,-7.4],[-44.7,-7.4],[-44.7,-7.3],[-44.6,-7.3],[-44.6,-7.2],[-44.5,-7.2],[-44.4,-7.2],[-44.4,-7.1],[-44.3,-7.1],[-44.3,-7.0],[-44.2,-7.0],[-44.2,-6.9],[-44.1,-6.9],[-44.1,-6.8],[-44.1,-6.9],[-44.1,-6.8],[-44.0,-6.8],[-44.0,-6.7],[-43.9,-6.8],[-43.9,-6.7],[-43.8,-6.7],[-43.7,-6.7],[-43.6,-6.7],[-43.6,-6.8],[-43.6,-6.7],[-43.6,-6.8],[-43.5,-6.8],[-43.4,-6.8],[-43.3,-6.8],[-43.2,-6.8],[-43.1,-6.8],[-43.1,-6.7],[-43.1,-6.8],[-43.0,-6.8],[-43.0,-6.7],[-42.9,-6.7],[-42.9,-6.6],[-42.9,-6.5],[-42.9,-6.4],[-42.8,-6.3],[-42.9,-6.3],[-42.8,-6.3],[-42.9,-6.3],[-42.9,-6.2],[-43.0,-6.2],[-43.0,-6.1],[-43.1,-6.1],[-43.1,-6.0],[-43.0,-6.0],[-43.1,-6.0],[-43.1,-5.9],[-43.1,-5.8],[-43.1,-5.7],[-43.1,-5.6],[-43.0,-5.6],[-43.0,-5.5],[-43.0,-5.4],[-42.9,-5.4],[-42.8,-5.4],[-42.8,-5.3],[-42.8,-5.2],[-42.8,-5.1],[-42.8,-5.0],[-42.9,-5.0],[-42.9,-4.9],[-42.9,-4.8],[-42.9,-4.7],[-43.0,-4.7],[-42.9,-4.7],[-42.9,-4.6],[-42.9,-4.5],[-42.8,-4.5],[-42.9,-4.5],[-42.9,-4.4],[-43.0,-4.4],[-43.0,-4.3],[-43.0,-4.2],[-42.9,-4.2],[-42.9,-4.1],[-42.8,-4.0],[-42.7,-3.9],[-42.7,-3.8],[-42.7,-3.7],[-42.6,-3.6],[-42.5,-3.5],[-42.5,-3.4],[-42.5,-3.5],[-42.4,-3.5],[-42.4,-3.4],[-42.4,-3.5],[-42.4,-3.4],[-42.3,-3.4],[-42.3,-3.5],[-42.3,-3.4],[-42.2,-3.4],[-42.1,-3.4],[-42.1,-3.3],[-42.0,-3.2],[-41.9,-3.2],[-41.9,-3.1],[-41.9,-3.0],[-41.8,-3.0],[-41.8,-2.9],[-41.9,-2.9],[-41.9,-2.8],[-41.8,-2.8],[-41.8,-2.7],[-41.8,-2.8],[-41.7,-2.8]]]]}},{"type":"Feature","properties":{"sigla":"PR"},"geometry":{"type":"MultiPolygon","coordinates":[[[[-52.1,-22.5],[-52.0,-22.5],[-52.0,-22.6],[-51.9,-22.6],[-51.8,-22.6],[-51.7,-22.6],[-51.7,-22.7],[-51.6,-22.7],[-51.5,-22.7],[-51.4,-22.7],[-51.3,-22.7],[-51.2,-22.7],[-51.2,-22.8],[-51.1,-22.8],[-51.0,-22.8],[-50.9,-22.8],[-50.8,-22.8],[-50.8,-22.9],[-50.7,-23.0],[-50.7,-22.9],[-50.6,-22.9],[-50.5,-22.9],[-50.4,-22.9],[-50.3,-22.9],[-50.3,-23.0],[-50.3,-22.9],[-50.2,-22.9],[-50.2,-23.0],[-50.2,-22.9],[-50.2,-23.0],[-50.2,-22.9],[-50.1,-22.9],[-50.0,-22.9],[-50.0,-23.0],[-49.9,-23.0],[-49.9,-23.1],[-49.8,-23.1],[-49.7,-23.1],[-49.7,-23.2],[-49.6,-23.2],[-49.6,-23.3],[-49.6,-23.4],[-49.6,-23.5],[-49.6,-23.6],[-49.6,-23.7],[-49.5,-23.7],[-49.6,-23.7],[-49.5,-23.7],[-49.6,-23.7],[-49.6,-23.8],[-49.6,-23.9],[-49.5,-23.9],[-49.5,-24.0],[-49.5,-24.1],[-49.4,-24.1],[-49.3,-24.1],[-49.3,-24.2],[-49.4,-24.2],[-49.3,-24.2],[-49.3,-24.3],[-49.2,-24.3],[-49.2,-24.4],[-49.3,-24.4],[-49.2,-24.4],[-49.3,-24.4],[-49.3,-24.5],[-49.2,-24.5],[-49.3,-24.5],[-49.3,-24.6],[-49.3,-24.5],[-49.3,-24.6],[-49.3,-24.7],[-49.2,-24.7],[-49.1,-24.7],[-49.0,-24.7],[-49.0,-24.6],[-49.0,-24.7],[-48.9,-24.7],[-48.8,-24.7],[-48.9,-24.7],[-48.8,-24.7],[-48.7,-24.7],[-48.6,-24.7],[-48.5,-24.7],[-48.5,-24.8],[-48.6,-24.8],[-48.6,-24.9],[-48.5,-24.9],[-48.6,-24.9],[-48.6,-25.0],[-48.6,-25.1],[-48.5,-25.1],[-48.5,-25.0],[-48.4,-25.0],[-48.3,-25.0],[-48.3,-25.1],[-48.3,-25.0],[-48.2,-25.0],[-48.2,-25.1],[-48.2,-25.2],[-48.1,-25.3],[-48.1,-25.2],[-48.0,-25.2],[-48.1,-25.3],[-48.1,-25.4],[-48.2,-25.4],[-48.2,-25.5],[-48.3,-25.5],[-48.3,-25.6],[-48.4,-25.6],[-48.4,-25.7],[-48.5,-25.7],[-48.5,-25.8],[-48.5,-25.9],[-48.6,-25.9],[-48.6,-26.0],[-48.7,-26.0],[-48.9,-26.0],[-49.0,-26.0],[-49.1,-26.0],[-49.2,-26.0],[-49.3,-26.0],[-49.3,-26.1],[-49.4,-26.1],[-49.4,-26.2],[-49.5,-26.2],[-49.6,-26.2],[-49.5,-26.2],[-49.6,-26.2],[-49.7,-26.2],[-49.7,-26.1],[-49.8,-26.1],[-49.9,-26.1],[-49.9,-26.0],[-50.0,-26.0],[-49.9,-26.0],[-50.0,-26.1],[-50.0,-26.0],[-50.1,-26.0],[-50.1,-26.1],[-50.1,-26.0],[-50.1,-26.1],[-50.2,-26.1],[-50.1,-26.0],[-50.2,-26.0],[-50.2,-26.1],[-50.2,-26.0],[-50.3,-26.0],[-50.3,-26.1],[-50.3,-26.0],[-50.3,-26.1],[-50.4,-26.1],[-50.4,-26.0],[-50.5,-26.0],[-50.6,-26.0],[-50.6,-26.1],[-50.7,-26.1],[-50.6,-26.1],[-50.7,-26.1],[-50.7,-26.2],[-50.8,-26.2],[-50.8,-26.3],[-50.9,-26.2],[-50.9,-26.3],[-50.9,-26.2],[-50.9,-26.3],[-51.0,-26.3],[-51.0,-26.2],[-51.1,-26.2],[-51.1,-26.3],[-51.2,-26.3],[-51.3,-26.3],[-51.3,-26.4],[-51.3,-26.5],[-51.2,-26.5],[-51.2,-26.6],[-51.3,-26.6],[-51.3,-26.7],[-51.3,-26.6],[-51.4,-26.7],[-51.5,-26.7],[-51.5,-26.6],[-51.6,-26.6],[-51.7,-26.6],[-51.8,-26.6],[-51.9,-26.6],[-52.0,-26.6],[-52.0,-26.5],[-52.1,-26.5],[-52.2,-26.5],[-52.2,-26.4],[-52.2,-26.5],[-52.3,-26.5],[-52.3,-26.4],[-52.4,-26.4],[-52.5,-26.4],[-52.6,-26.4],[-52.7,-26.4],[-52.7,-26.3],[-52.8,-26.3],[-52.8,-26.4],[-52.8,-26.3],[-52.8,-26.4],[-52.8,-26.3],[-52.9,-26.4],[-53.0,-26.3],[-53.0,-26.4],[-53.1,-26.4],[-53.1,-26.3],[-53.2,-26.3],[-53.2,-26.4],[-53.2,-26.3],[-53.3,-26.3],[-53.3,-26.2],[-53.3,-26.3],[-53.3,-26.2],[-53.3,-26.3],[-53.4,-26.3],[-53.4,-26.2],[-53.4,-26.3],[-53.4,-26.2],[-53.4,-26.3],[-53.5,-26.3],[-53.6,-26.3],[-53.6,-26.2],[-53.7,-26.2],[-53.6,-26.2],[-53.7,-26.2],[-53.7,-26.1],[-53.7,-26.0],[-53.8,-26.0],[-53.8,-25.9],[-53.8,-25.8],[-53.9,-25.8],[-53.8,-25.8],[-53.8,-25.7],[-53.9,-25.7],[-53.8,-25.7],[-53.9,-25.7],[-53.8,-25.7],[-53.9,-25.7],[-53.9,-25.6],[-54.0,-25.6],[-53.9,-25.6],[-54.0,-25.6],[-54.1,-25.6],[-54.1,-25.5],[-54.2,-25.5],[-54.2,-25.6],[-54.3,-25.6],[-54.4,-25.6],[-54.4,-25.7],[-54.5,-25.6],[-54.6,-25.6],[-54.6,-25.5],[-54.6,-25.4],[-54.5,-25.4],[-54.5,-25.3],[-54.5,-25.2],[-54.4,-25.2],[-54.4,-25.1],[-54.5,-25.1],[-54.5,-25.0],[-54.4,-25.0],[-54.4,-24.9],[-54.4,-24.8],[-54.4,-24.7],[-54.3,-24.7],[-54.3,-24.6],[-54.3,-24.5],[-54.3,-24.4],[-54.3,-24.3],[-54.3,-24.2],[-54.3,-24.1],[-54.2,-24.1],[-54.2,-24.0],[-54.1,-24.0],[-54.1,-23.9],[-54.1,-23.8],[-54.1,-23.7],[-54.0,-23.7],[-54.0,-23.6],[-54.0,-23.5],[-54.0,-23.4],[-53.9,-23.4],[-53.8,-23.4],[-53.7,-23.3],[-53.7,-23.2],[-53.6,-23.1],[-53.6,-23.0],[-53.6,-22.9],[-53.5,-22.9],[-53.5,-22.8],[-53.4,-22.8],[-53.3,-22.8],[-53.2,-22.7],[-53.1,-22.7],[-53.1,-22.6],[-53.1,-22.7],[-53.1,-22.6],[-53.0,-22.6],[-52.9,-22.6],[-52.8,-22.6],[-52.7,-22.6],[-52.6,-22.6],[-52.5,-22.6],[-52.4,-22.6],[-52.3,-22.6],[-52.2,-22.6],[-52.2,-22.7],[-52.2,-22.6],[-52.1,-22.5]]]]}},{"type":"Feature","properties":{"sigla":"RJ"},"geometry":{"type":"MultiPolygon","coordinates":[[[[-44.5,-23.3],[-44.6,-23.3],[-44.6,-23.4],[-44.6,-23.3],[-44.6,-23.4],[-44.6,-23.3],[-44.6,-23.4],[-44.6,-23.3],[-44.7,-23.3],[-44.7,-23.4],[-44.7,-23.3],[-44.7,-23.4],[-44.8,-23.3],[-44.9,-23.2],[-44.8,-23.2],[-44.8,-23.1],[-44.8,-23.0],[-44.7,-23.0],[-44.8,-23.0],[-44.7,-22.9],[-44.6,-22.9],[-44.5,-22.9],[-44.5,-22.8],[-44.5,-22.9],[-44.4,-22.9],[-44.4,-22.8],[-44.4,-22.9],[-44.4,-22.8],[-44.3,-22.8],[-44.2,-22.8],[-44.3,-22.8],[-44.2,-22.8],[-44.2,-22.7],[-44.2,-22.6],[-44.3,-22.6],[-44.4,-22.6],[-44.3,-22.6],[-44.4,-22.6],[-44.5,-22.6],[-44.6,-22.6],[-44.7,-22.6],[-44.7,-22.5],[-44.7,-22.4],[-44.8,-22.4],[-44.7,-22.4],[-44.6,-22.4],[-44.6,-22.3],[-44.5,-22.3],[-44.4,-22.3],[-44.3,-22.3],[-44.3,-22.2],[-44.3,-22.3],[-44.2,-22.3],[-44.2,-22.2],[-44.2,-22.3],[-44.2,-22.2],[-44.2,-22.3],[-44.2,-22.2],[-44.1,-22.2],[-44.0,-22.2],[-44.0,-22.1],[-43.9,-22.1],[-43.8,-22.1],[-43.7,-22.1],[-43.6,-22.1],[-43.5,-22.1],[-43.4,-22.1],[-43.4,-22.0],[-43.3,-22.0],[-43.2,-22.0],[-43.1,-22.0],[-43.1,-22.1],[-43.2,-22.1],[-43.1,-22.1],[-43.0,-22.1],[-43.0,-22.0],[-42.9,-22.0],[-42.8,-21.9],[-42.7,-21.9],[-42.6,-21.9],[-42.6,-21.8],[-42.5,-21.8],[-42.4,-21.8],[-42.4,-21.7],[-42.3,-21.7],[-42.3,-21.6],[-42.4,-21.6],[-42.3,-21.6],[-42.3,-21.5],[-42.3,-21.4],[-42.2,-21.4],[-42.3,-21.4],[-42.2,-21.4],[-42.2,-21.3],[-42.2,-21.2],[-42.2,-21.1],[-42.1,-21.1],[-42.1,-21.0],[-42.2,-21.0],[-42.1,-21.0],[-42.1,-20.9],[-42.0,-20.9],[-41.9,-20.9],[-42.0,-20.9],[-41.9,-20.9],[-41.9,-20.8],[-41.8,-20.8],[-41.7,-20.8],[-41.7,-20.9],[-41.7,-21.0],[-41.7,-21.1],[-41.6,-21.1],[-41.6,-21.2],[-41.6,-21.1],[-41.6,-21.2],[-41.5,-21.2],[-41.4,-21.2],[-41.3,-21.2],[-41.2,-21.2],[-41.1,-21.2],[-41.0,-21.3],[-41.0,-21.2],[-41.0,-21.3],[-41.0,-21.4],[-41.0,-21.5],[-41.1,-21.5],[-41.1,-21.6],[-41.0,-21.6],[-41.0,-21.7],[-41.0,-21.8],[-41.0,-21.9],[-41.0,-22.0],[-41.1,-22.1],[-41.2,-22.1],[-41.3,-22.2],[-41.4,-22.2],[-41.5,-22.2],[-41.6,-22.2],[-41.6,-22.3],[-41.7,-22.3],[-41.8,-22.3],[-41.8,-22.4],[-41.9,-22.4],[-41.9,-22.5],[-42.0,-22.5],[-42.0,-22.6],[-42.0,-22.7],[-41.9,-22.8],[-41.9,-22.7],[-41.9,-22.8],[-42.0,-22.8],[-42.0,-22.9],[-42.0,-23.0],[-42.1,-23.0],[-42.2,-22.9],[-42.3,-22.9],[-42.4,-22.9],[-42.5,-22.9],[-42.6,-22.9],[-42.7,-22.9],[-42.7,-23.0],[-42.8,-23.0],[-42.9,-23.0],[-43.0,-23.0],[-43.1,-23.0],[-43.0,-23.0],[-43.1,-23.0],[-43.1,-22.9],[-43.1,-22.8],[-43.0,-22.8],[-43.0,-22.7],[-43.1,-22.7],[-43.2,-22.7],[-43.2,-22.8],[-43.3,-22.8],[-43.2,-22.8],[-43.2,-22.9],[-43.2,-23.0],[-43.2,-22.9],[-43.2,-23.0],[-43.3,-23.0],[-43.4,-23.0],[-43.5,-23.0],[-43.5,-23.1],[-43.6,-23.1],[-43.5,-23.1],[-43.6,-23.1],[-43.6,-23.0],[-43.6,-23.1],[-43.7,-23.1],[-43.7,-23.0],[-43.6,-23.0],[-43.6,-23.1],[-43.6,-23.0],[-43.7,-23.0],[-43.7,-22.9],[-43.8,-22.9],[-43.9,-22.9],[-43.8,-22.9],[-43.9,-22.9],[-44.0,-22.9],[-44.0,-23.0],[-44.1,-23.0],[-44.0,-23.0],[-44.0,-22.9],[-44.1,-22.9],[-44.1,-23.0],[-44.2,-23.0],[-44.2,-23.1],[-44.2,-23.0],[-44.2,-23.1],[-44.2,-23.0],[-44.3,-23.0],[-44.2,-23.0],[-44.3,-23.0],[-44.4,-23.0],[-44.3,-23.0],[-44.3,-22.9],[-44.4,-22.9],[-44.3,-22.9],[-44.4,-22.9],[-44.4,-23.0],[-44.4,-22.9],[-44.4,-23.0],[-44.4,-22.9],[-44.4,-23.0],[-44.5,-23.0],[-44.6,-23.0],[-44.6,-23.1],[-44.6,-23.0],[-44.6,-23.1],[-44.6,-23.0],[-44.6,-23.1],[-44.6,-23.0],[-44.6,-23.1],[-44.7,-23.1],[-44.7,-23.2],[-44.6,-23.2],[-44.7,-23.2],[-44.7,-23.3],[-44.7,-23.2],[-44.6,-23.2],[-44.6,-23.3],[-44.7,-23.3],[-44.6,-23.3],[-44.6,-23.2],[-44.6,-23.3],[-44.5,-23.3]],[[-43.4,-23.0],[-43.3,-23.0],[-43.4,-23.0],[-43.3,-23.0],[-43.4,-23.0],[-43.3,-23.0],[-43.4,-23.0]]],[[[-44.2,-23.1],[-44.1,-23.1],[-44.1,-23.2],[-44.1,-23.1],[-44.1,-23.2],[-44.2,-23.2],[-44.3,-23.2],[-44.4,-23.2],[-44.3,-23.2],[-44.4,-23.2],[-44.3,-23.2],[-44.3,-23.1],[-44.2,-23.1],[-44.3,-23.1],[-44.2,-23.1]]],[[[-43.8,-23.1],[-43.9,-23.1],[-44.0,-23.1],[-44.0,-23.0],[-43.9,-23.0],[-43.9,-23.1],[-43.9,-23.0],[-43.8,-23.1]]],[[[-43.9,-22.9],[-43.9,-23.0],[-43.9,-22.9],[-43.9,-23.0],[-43.9,-22.9]]]]}},{"type":"Feature","properties":{"sigla":"RN"},"geometry":{"type":"MultiPolygon","coordinates":[[[[-37.2,-4.9],[-37.1,-4.9],[-37.0,-4.9],[-37.0,-5.0],[-37.0,-4.9],[-36.9,-4.9],[-36.9,-5.0],[-36.9,-4.9],[-36.9,-5.0],[-36.8,-5.0],[-36.7,-5.1],[-36.6,-5.1],[-36.5,-5.1],[-36.4,-5.1],[-36.3,-5.1],[-36.2,-5.1],[-36.1,-5.1],[-36.0,-5.1],[-36.0,-5.0],[-35.9,-5.0],[-35.9,-5.1],[-35.8,-5.1],[-35.7,-5.1],[-35.6,-5.1],[-35.5,-5.1],[-35.5,-5.2],[-35.4,-5.2],[-35.4,-5.3],[-35.4,-5.4],[-35.3,-5.4],[-35.3,-5.5],[-35.2,-5.5],[-35.2,-5.6],[-35.2,-5.7],[-35.2,-5.8],[-35.2,-5.9],[-35.1,-6.0],[-35.1,-6.1],[-35.1,-6.2],[-35.0,-6.2],[-35.0,-6.3],[-35.0,-6.4],[-35.0,-6.5],[-35.1,-6.5],[-35.1,-6.6],[-35.2,-6.6],[-35.2,-6.5],[-35.3,-6.5],[-35.4,-6.5],[-35.5,-6.5],[-35.6,-6.5],[-35.7,-6.4],[-35.7,-6.5],[-35.7,-6.4],[-35.7,-6.5],[-35.8,-6.5],[-35.9,-6.5],[-36.0,-6.5],[-36.0,-6.4],[-36.1,-6.4],[-36.2,-6.4],[-36.3,-6.4],[-36.3,-6.3],[-36.4,-6.3],[-36.4,-6.4],[-36.5,-6.4],[-36.5,-6.5],[-36.5,-6.6],[-36.4,-6.6],[-36.5,-6.6],[-36.5,-6.7],[-36.6,-6.7],[-36.5,-6.7],[-36.5,-6.8],[-36.6,-6.8],[-36.6,-6.9],[-36.7,-6.9],[-36.7,-7.0],[-36.8,-6.9],[-36.7,-6.9],[-36.7,-6.8],[-36.8,-6.8],[-36.8,-6.7],[-36.9,-6.8],[-37.0,-6.8],[-37.0,-6.7],[-37.1,-6.7],[-37.1,-6.8],[-37.2,-6.8],[-37.3,-6.8],[-37.3,-6.7],[-37.4,-6.7],[-37.5,-6.7],[-37.5,-6.6],[-37.5,-6.5],[-37.4,-6.5],[-37.4,-6.4],[-37.4,-6.3],[-37.3,-6.3],[-37.3,-6.2],[-37.2,-6.2],[-37.2,-6.1],[-37.2,-6.0],[-37.3,-6.0],[-37.3,-6.1],[-37.3,-6.0],[-37.3,-6.1],[-37.4,-6.1],[-37.5,-6.1],[-37.5,-6.2],[-37.5,-6.1],[-37.5,-6.2],[-37.6,-6.2],[-37.7,-6.2],[-37.8,-6.2],[-37.8,-6.3],[-37.8,-6.4],[-37.9,-6.4],[-38.0,-6.4],[-38.0,-6.5],[-38.0,-6.4],[-38.1,-6.4],[-38.1,-6.5],[-38.2,-6.5],[-38.3,-6.5],[-38.4,-6.5],[-38.4,-6.4],[-38.5,-6.4],[-38.5,-6.3],[-38.5,-6.4],[-38.5,-6.3],[-38.5,-6.4],[-38.6,-6.4],[-38.6,-6.3],[-38.5,-6.2],[-38.5,-6.1],[-38.4,-6.1],[-38.3,-6.1],[-38.3,-6.0],[-38.2,-6.0],[-38.2,-5.9],[-38.2,-6.0],[-38.2,-5.9],[-38.1,-5.9],[-38.1,-5.8],[-38.1,-5.7],[-38.0,-5.7],[-38.1,-5.7],[-38.1,-5.6],[-38.0,-5.6],[-38.0,-5.5],[-37.9,-5.5],[-37.9,-5.4],[-37.8,-5.3],[-37.8,-5.2],[-37.8,-5.1],[-37.7,-5.1],[-37.7,-5.0],[-37.6,-4.9],[-37.5,-4.9],[-37.4,-4.9],[-37.3,-4.8],[-37.2,-4.8],[-37.2,-4.9]]]]}},{"type":"Feature","properties":{"sigla":"RO"},"geometry":{"type":"MultiPolygon","coordinates":[[[[-66.5,-9.9],[-66.6,-9.9],[-66.7,-9.9],[-66.8,-9.8],[-66.7,-9.8],[-66.7,-9.7],[-66.6,-9.7],[-66.5,-9.7],[-66.5,-9.6],[-66.4,-9.6],[-66.4,-9.5],[-66.4,-9.4],[-66.3,-9.4],[-66.2,-9.4],[-66.1,-9.4],[-66.0,-9.4],[-65.9,-9.4],[-65.9,-9.5],[-65.8,-9.5],[-65.8,-9.6],[-65.7,-9.6],[-65.7,-9.5],[-65.7,-9.4],[-65.6,-9.4],[-65.5,-9.4],[-65.5,-9.5],[-65.4,-9.5],[-65.4,-9.4],[-65.5,-9.4],[-65.4,-9.4],[-65.4,-9.3],[-65.3,-9.3],[-65.2,-9.3],[-65.2,-9.4],[-65.1,-9.4],[-65.0,-9.4],[-65.0,-9.3],[-64.9,-9.3],[-64.9,-9.2],[-64.9,-9.1],[-64.9,-9.0],[-64.8,-9.0],[-64.7,-9.0],[-64.6,-9.0],[-64.5,-9.0],[-64.4,-9.0],[-64.4,-8.9],[-64.3,-8.9],[-64.3,-9.0],[-64.2,-9.0],[-64.1,-9.0],[-64.1,-8.9],[-64.2,-8.9],[-64.1,-8.9],[-64.2,-8.9],[-64.2,-8.8],[-64.1,-8.8],[-64.1,-8.7],[-64.0,-8.7],[-64.0,-8.6],[-63.9,-8.6],[-63.9,-8.5],[-64.0,-8.5],[-63.9,-8.5],[-63.9,-8.4],[-64.0,-8.4],[-63.9,-8.4],[-63.9,-8.3],[-63.8,-8.3],[-63.7,-8.3],[-63.7,-8.2],[-63.7,-8.1],[-63.6,-8.0],[-63.5,-8.0],[-62.9,-8.0],[-62.8,-8.0],[-62.7,-8.0],[-62.7,-8.1],[-62.7,-8.2],[-62.6,-8.2],[-62.6,-8.3],[-62.5,-8.3],[-62.6,-8.4],[-62.5,-8.4],[-62.5,-8.3],[-62.4,-8.4],[-62.4,-8.5],[-62.3,-8.5],[-62.3,-8.6],[-62.2,-8.6],[-62.2,-8.7],[-62.1,-8.7],[-62.2,-8.7],[-62.1,-8.8],[-62.0,-8.8],[-62.0,-8.9],[-61.9,-8.9],[-61.9,-8.8],[-61.8,-8.8],[-61.8,-8.7],[-61.7,-8.7],[-61.6,-8.7],[-61.6,-8.8],[-61.5,-8.8],[-61.5,-8.9],[-61.5,-9.0],[-61.5,-9.1],[-61.6,-9.1],[-61.5,-9.2],[-61.6,-9.2],[-61.6,-9.3],[-61.6,-9.4],[-61.6,-9.5],[-61.5,-9.5],[-61.5,-9.6],[-61.5,-9.7],[-61.6,-9.7],[-61.5,-9.7],[-61.5,-9.8],[-61.5,-9.9],[-61.5,-10.0],[-61.6,-10.0],[-61.6,-10.1],[-61.6,-10.2],[-61.6,-10.3],[-61.5,-10.3],[-61.6,-10.3],[-61.5,-10.3],[-61.5,-10.4],[-61.5,-10.5],[-61.5,-10.6],[-61.5,-10.7],[-61.5,-10.8],[-61.5,-10.9],[-61.5,-11.0],[-61.6,-11.0],[-61.5,-11.0],[-61.4,-11.0],[-61.0,-11.0],[-60.8,-11.0],[-60.5,-11.0],[-60.4,-11.0],[-60.4,-11.1],[-60.3,-11.1],[-60.2,-11.1],[-60.1,-11.1],[-60.0,-11.1],[-60.0,-11.2],[-60.0,-11.3],[-59.9,-11.3],[-59.9,-11.4],[-60.0,-11.4],[-60.0,-11.5],[-60.1,-11.5],[-60.1,-11.6],[-60.1,-11.7],[-60.1,-11.8],[-60.1,-11.9],[-60.0,-11.9],[-60.0,-12.0],[-60.0,-12.1],[-59.9,-12.1],[-59.9,-12.2],[-59.8,-12.3],[-59.8,-12.4],[-59.8,-12.5],[-59.9,-12.5],[-60.0,-12.5],[-60.0,-12.6],[-60.1,-12.6],[-60.1,-12.7],[-60.1,-12.8],[-60.1,-12.9],[-60.1,-13.0],[-60.2,-13.0],[-60.2,-13.1],[-60.3,-13.1],[-60.3,-13.2],[-60.3,-13.3],[-60.4,-13.3],[-60.4,-13.4],[-60.4,-13.5],[-60.5,-13.5],[-60.6,-13.5],[-60.6,-13.6],[-60.7,-13.6],[-60.7,-13.7],[-60.8,-13.7],[-60.8,-13.6],[-60.9,-13.6],[-60.9,-13.5],[-61.0,-13.6],[-61.0,-13.5],[-61.1,-13.5],[-61.0,-13.5],[-61.1,-13.5],[-61.2,-13.5],[-61.3,-13.5],[-61.4,-13.5],[-61.5,-13.5],[-61.5,-13.6],[-61.5,-13.5],[-61.6,-13.5],[-61.7,-13.5],[-61.8,-13.5],[-61.9,-13.5],[-61.9,-13.4],[-62.0,-13.4],[-62.0,-13.3],[-62.1,-13.3],[-62.1,-13.2],[-62.1,-13.1],[-62.1,-13.2],[-62.2,-13.2],[-62.2,-13.1],[-62.2,-13.2],[-62.2,-13.1],[-62.3,-13.1],[-62.3,-13.2],[-62.3,-13.1],[-62.3,-13.2],[-62.3,-13.1],[-62.3,-13.2],[-62.3,-13.1],[-62.3,-13.2],[-62.3,-13.1],[-62.4,-13.1],[-62.5,-13.1],[-62.6,-13.1],[-62.6,-13.0],[-62.7,-13.0],[-62.8,-13.0],[-62.8,-12.9],[-62.9,-12.9],[-62.9,-12.8],[-62.9,-12.9],[-63.0,-12.8],[-63.0,-12.9],[-63.0,-12.8],[-63.0,-12.7],[-63.1,-12.7],[-63.1,-12.6],[-63.2,-12.6],[-63.2,-12.7],[-63.3,-12.7],[-63.4,-12.7],[-63.4,-12.6],[-63.5,-12.6],[-63.5,-12.5],[-63.6,-12.5],[-63.7,-12.5],[-63.7,-12.4],[-63.8,-12.4],[-63.8,-12.5],[-63.9,-12.4],[-63.9,-12.5],[-64.0,-12.5],[-64.1,-12.5],[-64.2,-12.5],[-64.3,-12.5],[-64.4,-12.5],[-64.4,-12.4],[-64.5,-12.4],[-64.5,-12.3],[-64.5,-12.2],[-64.6,-12.2],[-64.7,-12.2],[-64.7,-12.1],[-64.7,-12.2],[-64.8,-12.2],[-64.8,-12.1],[-64.8,-12.0],[-64.9,-12.0],[-65.0,-12.0],[-65.0,-11.9],[-65.1,-11.9],[-65.1,-11.8],[-65.1,-11.7],[-65.2,-11.7],[-65.2,-11.8],[-65.2,-11.7],[-65.3,-11.7],[-65.2,-11.7],[-65.2,-11.6],[-65.2,-11.5],[-65.3,-11.5],[-65.3,-11.4],[-65.3,-11.3],[-65.4,-11.3],[-65.4,-11.2],[-65.3,-11.2],[-65.4,-11.2],[-65.4,-11.1],[-65.3,-11.1],[-65.3,-11.0],[-65.3,-10.9],[-65.3,-10.8],[-65.4,-10.8],[-65.3,-10.8],[-65.3,-10.7],[-65.4,-10.7],[-65.4,-10.6],[-65.4,-10.5],[-65.4,-10.4],[-65.4,-10.3],[-65.3,-10.3],[-65.3,-10.2],[-65.3,-10.1],[-65.3,-10.0],[-65.3,-9.9],[-65.3,-9.8],[-65.3,-9.7],[-65.4,-9.7],[-65.5,-9.7],[-65.5,-9.8],[-65.6,-9.8],[-65.7,-9.8],[-65.6,-9.8],[-65.7,-9.8],[-65.7,-9.7],[-65.7,-9.8],[-65.8,-9.8],[-65.8,-9.7],[-65.8,-9.8],[-65.9,-9.8],[-66.0,-9.8],[-66.1,-9.8],[-66.2,-9.8],[-66.3,-9.8],[-66.4,-9.8],[-66.4,-9.9],[-66.5,-9.9]]]]}},{"type":"Feature","properties":{"sigla":"RR"},"geometry":{"type":"MultiPolygon","coordinates":[[[[-59.9,3.1],[-60.0,3.1],[-60.0,3.0],[-59.9,3.0],[-60.0,3.0],[-60.0,2.9],[-60.0,2.8],[-60.0,2.7],[-60.0,2.6],[-59.9,2.6],[-59.9,2.5],[-59.9,2.4],[-59.9,2.3],[-59.8,2.3],[-59.7,2.3],[-59.7,2.2],[-59.7,2.1],[-59.7,2.0],[-59.7,1.9],[-59.8,1.9],[-59.7,1.9],[-59.8,1.9],[-59.7,1.9],[-59.7,1.8],[-59.7,1.9],[-59.7,1.8],[-59.7,1.9],[-59.7,1.8],[-59.6,1.8],[-59.7,1.8],[-59.7,1.7],[-59.6,1.7],[-59.5,1.7],[-59.5,1.6],[-59.4,1.6],[-59.4,1.5],[-59.3,1.5],[-59.3,1.4],[-59.2,1.4],[-59.2,1.3],[-59.1,1.3],[-59.1,1.4],[-59.1,1.3],[-59.0,1.3],[-58.9,1.3],[-58.9,1.2],[-58.9,0.6],[-58.9,0.3],[-59.2,0.3],[-59.4,0.3],[-60.0,0.3],[-60.0,0.2],[-60.1,0.2],[-60.1,0.1],[-60.1,0.0],[-60.2,0.0],[-60.2,-0.1],[-60.2,-0.2],[-60.3,-0.2],[-60.3,-0.3],[-60.3,-0.4],[-60.4,-0.5],[-60.4,-0.6],[-60.3,-0.6],[-60.3,-0.7],[-60.4,-0.7],[-60.4,-0.8],[-60.5,-0.8],[-60.5,-0.9],[-60.6,-0.9],[-60.7,-0.9],[-60.8,-0.9],[-60.8,-0.8],[-60.8,-0.7],[-60.9,-0.7],[-60.8,-0.7],[-60.9,-0.6],[-61.0,-0.6],[-61.0,-0.5],[-61.1,-0.5],[-61.2,-0.5],[-61.2,-0.6],[-61.3,-0.6],[-61.4,-0.6],[-61.4,-0.7],[-61.5,-0.7],[-61.5,-0.8],[-61.6,-0.8],[-61.5,-0.8],[-61.5,-0.9],[-61.6,-0.9],[-61.6,-1.0],[-61.5,-1.0],[-61.5,-1.1],[-61.6,-1.1],[-61.6,-1.2],[-61.6,-1.3],[-61.6,-1.4],[-61.5,-1.4],[-61.5,-1.5],[-61.5,-1.6],[-61.5,-1.5],[-61.6,-1.5],[-61.6,-1.4],[-61.7,-1.4],[-61.8,-1.4],[-61.9,-1.4],[-61.9,-1.3],[-62.0,-1.3],[-62.0,-1.2],[-62.0,-1.1],[-62.1,-1.1],[-62.1,-1.0],[-62.2,-1.0],[-62.3,-1.0],[-62.3,-0.9],[-62.4,-0.9],[-62.4,-0.8],[-62.5,-0.8],[-62.5,-0.7],[-62.4,-0.7],[-62.3,-0.7],[-62.3,-0.6],[-62.3,-0.5],[-62.2,-0.4],[-62.2,-0.3],[-62.3,-0.3],[-62.2,-0.3],[-62.2,-0.2],[-62.3,-0.2],[-62.2,-0.2],[-62.3,-0.2],[-62.3,-0.1],[-62.3,-0.0],[-62.4,0.0],[-62.4,0.1],[-62.4,0.2],[-62.5,0.2],[-62.5,0.3],[-62.5,0.4],[-62.4,0.4],[-62.5,0.4],[-62.5,0.5],[-62.5,0.4],[-62.5,0.5],[-62.5,0.6],[-62.5,0.7],[-62.5,0.8],[-62.5,0.9],[-62.4,1.0],[-62.5,1.0],[-62.5,1.1],[-62.6,1.2],[-62.6,1.3],[-62.6,1.4],[-62.7,1.5],[-62.8,1.5],[-62.8,1.6],[-62.8,1.7],[-62.7,1.7],[-62.7,1.8],[-62.7,1.9],[-62.7,2.0],[-62.8,2.0],[-62.9,2.0],[-63.0,2.0],[-63.1,2.0],[-63.1,2.1],[-63.1,2.2],[-63.2,2.2],[-63.3,2.2],[-63.4,2.2],[-63.4,2.3],[-63.4,2.4],[-63.5,2.4],[-63.6,2.4],[-63.7,2.4],[-63.8,2.4],[-63.9,2.4],[-64.0,2.5],[-64.1,2.5],[-64.0,2.5],[-64.0,2.6],[-64.0,2.7],[-64.0,2.8],[-64.1,2.8],[-64.1,2.9],[-64.1,3.0],[-64.2,3.0],[-64.2,3.1],[-64.2,3.2],[-64.2,3.3],[-64.2,3.4],[-64.3,3.4],[-64.2,3.4],[-64.2,3.5],[-64.2,3.6],[-64.3,3.6],[-64.3,3.7],[-64.4,3.7],[-64.4,3.8],[-64.5,3.8],[-64.6,3.9],[-64.6,4.0],[-64.7,4.0],[-64.7,4.1],[-64.8,4.1],[-64.8,4.2],[-64.8,4.3],[-64.7,4.3],[-64.7,4.2],[-64.6,4.2],[-64.6,4.1],[-64.5,4.1],[-64.4,4.1],[-64.3,4.1],[-64.2,4.1],[-64.1,4.1],[-64.1,4.0],[-64.0,3.9],[-63.9,3.9],[-63.8,3.9],[-63.7,3.9],[-63.7,4.0],[-63.6,4.0],[-63.6,3.9],[-63.5,3.9],[-63.5,3.8],[-63.5,3.9],[-63.5,3.8],[-63.5,3.9],[-63.4,3.9],[-63.4,4.0],[-63.3,4.0],[-63.2,4.0],[-63.2,3.9],[-63.2,3.8],[-63.1,3.8],[-63.1,3.7],[-63.0,3.7],[-63.0,3.6],[-62.9,3.6],[-62.9,3.7],[-62.8,3.7],[-62.7,3.7],[-62.7,3.8],[-62.8,3.8],[-62.8,3.9],[-62.8,4.0],[-62.7,4.0],[-62.8,4.0],[-62.7,4.0],[-62.8,4.0],[-62.7,4.0],[-62.6,4.0],[-62.5,4.0],[-62.5,4.1],[-62.6,4.1],[-62.5,4.1],[-62.6,4.1],[-62.5,4.1],[-62.5,4.2],[-62.4,4.2],[-62.3,4.2],[-62.3,4.1],[-62.2,4.1],[-62.1,4.1],[-62.1,4.2],[-62.0,4.2],[-62.0,4.1],[-61.9,4.1],[-61.9,4.2],[-61.8,4.2],[-61.8,4.3],[-61.7,4.3],[-61.7,4.2],[-61.7,4.3],[-61.6,4.3],[-61.6,4.2],[-61.6,4.3],[-61.6,4.2],[-61.6,4.3],[-61.5,4.3],[-61.5,4.4],[-61.4,4.4],[-61.3,4.4],[-61.3,4.5],[-61.2,4.5],[-61.1,4.5],[-61.0,4.5],[-61.0,4.6],[-60.9,4.6],[-61.0,4.6],[-60.9,4.6],[-60.9,4.7],[-60.8,4.7],[-60.8,4.8],[-60.7,4.8],[-60.7,4.9],[-60.6,4.9],[-60.7,4.9],[-60.6,4.9],[-60.6,5.0],[-60.6,5.1],[-60.7,5.1],[-60.7,5.2],[-60.6,5.2],[-60.5,5.2],[-60.4,5.2],[-60.3,5.2],[-60.3,5.3],[-60.2,5.3],[-60.2,5.2],[-60.1,5.2],[-60.1,5.1],[-60.0,5.1],[-60.0,5.0],[-60.0,4.9],[-60.0,4.8],[-60.0,4.7],[-60.1,4.7],[-60.1,4.6],[-60.2,4.6],[-60.2,4.5],[-60.1,4.5],[-60.0,4.5],[-59.9,4.5],[-59.9,4.4],[-59.8,4.5],[-59.8,4.4],[-59.8,4.5],[-59.8,4.4],[-59.8,4.5],[-59.8,4.4],[-59.7,4.4],[-59.7,4.3],[-59.7,4.2],[-59.7,4.1],[-59.6,4.1],[-59.6,4.0],[-59.5,4.0],[-59.5,3.9],[-59.6,3.9],[-59.6,3.8],[-59.7,3.8],[-59.7,3.7],[-59.8,3.7],[-59.8,3.6],[-59.9,3.6],[-59.8,3.6],[-59.9,3.6],[-59.8,3.6],[-59.8,3.5],[-59.8,3.4],[-59.8,3.3],[-59.9,3.3],[-59.9,3.2],[-59.9,3.1]]]]}},{"type":"Feature","properties":{"sigla":"RS"},"geometry":{"type":"MultiPolygon","coordinates":[[[[-52.0,-31.6],[-52.1,-31.6],[-52.1,-31.5],[-52.1,-31.6],[-52.1,-31.7],[-52.2,-31.7],[-52.2,-31.8],[-52.3,-31.8],[-52.3,-31.9],[-52.2,-31.9],[-52.1,-31.9],[-52.1,-32.0],[-52.1,-32.1],[-52.1,-32.0],[-52.1,-32.1],[-52.1,-32.2],[-52.2,-32.2],[-52.2,-32.3],[-52.3,-32.3],[-52.3,-32.4],[-52.4,-32.5],[-52.4,-32.6],[-52.4,-32.7],[-52.5,-32.7],[-52.5,-32.8],[-52.5,-32.9],[-52.5,-33.0],[-52.6,-33.0],[-52.6,-33.1],[-52.7,-33.1],[-52.7,-33.2],[-52.7,-33.3],[-52.8,-33.3],[-52.9,-33.4],[-53.0,-33.5],[-53.1,-33.5],[-53.1,-33.6],[-53.2,-33.6],[-53.2,-33.7],[-53.3,-33.7],[-53.4,-33.7],[-53.4,-33.8],[-53.4,-33.7],[-53.5,-33.7],[-53.5,-33.6],[-53.5,-33.5],[-53.5,-33.6],[-53.4,-33.6],[-53.5,-33.6],[-53.5,-33.5],[-53.4,-33.5],[-53.4,-33.4],[-53.5,-33.3],[-53.5,-33.2],[-53.4,-33.2],[-53.4,-33.1],[-53.3,-33.1],[-53.2,-33.1],[-53.2,-33.0],[-53.2,-32.9],[-53.2,-32.8],[-53.1,-32.8],[-53.0,-32.8],[-53.0,-32.7],[-53.0,-32.8],[-52.9,-32.9],[-52.8,-32.9],[-52.7,-32.8],[-52.7,-32.7],[-52.6,-32.7],[-52.6,-32.6],[-52.6,-32.5],[-52.6,-32.4],[-52.7,-32.4],[-52.7,-32.3],[-52.7,-32.2],[-52.6,-32.2],[-52.6,-32.1],[-52.6,-32.2],[-52.7,-32.2],[-52.8,-32.2],[-52.7,-32.2],[-52.8,-32.2],[-52.8,-32.3],[-52.8,-32.4],[-52.8,-32.3],[-52.8,-32.4],[-52.7,-32.4],[-52.8,-32.4],[-52.8,-32.5],[-52.9,-32.5],[-53.0,-32.5],[-53.0,-32.6],[-53.1,-32.6],[-53.1,-32.7],[-53.1,-32.6],[-53.2,-32.6],[-53.2,-32.7],[-53.2,-32.6],[-53.3,-32.6],[-53.4,-32.6],[-53.4,-32.5],[-53.5,-32.5],[-53.6,-32.5],[-53.6,-32.4],[-53.6,-32.3],[-53.7,-32.3],[-53.6,-32.3],[-53.7,-32.3],[-53.7,-32.2],[-53.7,-32.1],[-53.8,-32.1],[-53.8,-32.0],[-53.9,-32.0],[-53.8,-32.0],[-53.9,-32.0],[-54.0,-32.0],[-54.0,-31.9],[-54.1,-31.9],[-54.2,-31.9],[-54.5,-31.7],[-54.5,-31.6],[-54.5,-31.5],[-54.6,-31.5],[-54.7,-31.5],[-54.7,-31.4],[-54.8,-31.4],[-54.9,-31.4],[-55.0,-31.4],[-55.0,-31.3],[-55.1,-31.3],[-55.2,-31.3],[-55.2,-31.2],[-55.3,-31.2],[-55.2,-31.2],[-55.3,-31.2],[-55.3,-31.1],[-55.4,-31.1],[-55.3,-31.0],[-55.4,-31.0],[-55.5,-31.0],[-55.5,-30.9],[-55.6,-30.9],[-55.6,-30.8],[-55.6,-30.9],[-55.7,-30.9],[-55.6,-30.9],[-55.7,-30.9],[-55.7,-31.0],[-55.7,-30.9],[-55.7,-31.0],[-55.7,-30.9],[-55.7,-31.0],[-55.8,-31.0],[-55.9,-31.0],[-55.9,-31.1],[-56.0,-31.1],[-56.0,-31.0],[-56.0,-30.9],[-56.0,-30.8],[-56.1,-30.8],[-56.1,-30.7],[-56.1,-30.8],[-56.1,-30.7],[-56.2,-30.7],[-56.2,-30.6],[-56.3,-30.6],[-56.3,-30.5],[-56.4,-30.5],[-56.4,-30.4],[-56.5,-30.4],[-56.4,-30.4],[-56.5,-30.4],[-56.5,-30.3],[-56.6,-30.3],[-56.5,-30.3],[-56.6,-30.3],[-56.6,-30.2],[-56.7,-30.2],[-56.6,-30.2],[-56.7,-30.2],[-56.8,-30.2],[-56.8,-30.1],[-56.9,-30.1],[-57.0,-30.1],[-57.1,-30.1],[-57.1,-30.2],[-57.2,-30.2],[-57.2,-30.3],[-57.3,-30.3],[-57.4,-30.3],[-57.5,-30.3],[-57.6,-30.3],[-57.6,-30.2],[-57.5,-30.2],[-57.5,-30.1],[-57.4,-30.1],[-57.4,-30.0],[-57.3,-30.0],[-57.3,-29.9],[-57.3,-29.8],[-57.2,-29.8],[-57.1,-29.8],[-57.1,-29.7],[-57.0,-29.7],[-57.0,-29.6],[-56.9,-29.6],[-56.9,-29.5],[-56.8,-29.5],[-56.8,-29.4],[-56.7,-29.4],[-56.7,-29.3],[-56.6,-29.3],[-56.6,-29.2],[-56.7,-29.2],[-56.6,-29.2],[-56.6,-29.1],[-56.5,-29.1],[-56.4,-29.1],[-56.4,-29.0],[-56.4,-28.9],[-56.3,-28.9],[-56.3,-28.8],[-56.2,-28.8],[-56.2,-28.7],[-56.1,-28.7],[-56.1,-28.6],[-56.0,-28.6],[-56.0,-28.5],[-55.9,-28.5],[-55.9,-28.4],[-55.8,-28.4],[-55.7,-28.4],[-55.7,-28.3],[-55.8,-28.3],[-55.8,-28.2],[-55.7,-28.2],[-55.6,-28.2],[-55.6,-28.1],[-55.6,-28.2],[-55.5,-28.2],[-55.5,-28.1],[-55.4,-28.1],[-55.4,-28.0],[-55.3,-28.0],[-55.3,-27.9],[-55.2,-27.9],[-55.1,-27.9],[-55.1,-27.8],[-55.1,-27.9],[-55.0,-27.9],[-55.0,-27.8],[-55.1,-27.8],[-55.0,-27.8],[-54.9,-27.8],[-54.9,-27.7],[-54.9,-27.6],[-54.8,-27.6],[-54.8,-27.5],[-54.8,-27.6],[-54.7,-27.6],[-54.7,-27.5],[-54.6,-27.5],[-54.5,-27.5],[-54.4,-27.5],[-54.5,-27.5],[-54.5,-27.4],[-54.4,-27.4],[-54.4,-27.5],[-54.3,-27.5],[-54.3,-27.4],[-54.2,-27.4],[-54.2,-27.3],[-54.1,-27.3],[-54.0,-27.3],[-54.0,-27.2],[-53.9,-27.2],[-53.9,-27.1],[-53.8,-27.2],[-53.8,-27.1],[-53.8,-27.2],[-53.7,-27.2],[-53.6,-27.2],[-53.5,-27.2],[-53.5,-27.1],[-53.5,-27.2],[-53.4,-27.1],[-53.3,-27.1],[-53.3,-27.2],[-53.2,-27.2],[-53.2,-27.1],[-53.1,-27.1],[-53.1,-27.2],[-53.1,-27.1],[-53.0,-27.1],[-53.0,-27.2],[-53.0,-27.1],[-53.0,-27.2],[-52.9,-27.2],[-52.8,-27.2],[-52.8,-27.3],[-52.7,-27.3],[-52.7,-27.2],[-52.7,-27.3],[-52.7,-27.2],[-52.6,-27.3],[-52.6,-27.2],[-52.5,-27.2],[-52.5,-27.3],[-52.5,-27.2],[-52.4,-27.2],[-52.4,-27.3],[-52.3,-27.3],[-52.2,-27.3],[-52.3,-27.3],[-52.2,-27.3],[-52.1,-27.3],[-52.0,-27.3],[-52.0,-27.4],[-51.9,-27.4],[-52.0,-27.4],[-51.9,-27.4],[-52.0,-27.5],[-51.9,-27.5],[-51.8,-27.5],[-51.9,-27.5],[-51.8,-27.5],[-51.7,-27.5],[-51.6,-27.5],[-51.6,-27.6],[-51.5,-27.6],[-51.4,-27.6],[-51.4,-27.7],[-51.4,-27.6],[-51.4,-27.7],[-51.3,-27.7],[-51.2,-27.8],[-51.1,-27.8],[-51.1,-27.9],[-51.0,-27.9],[-51.0,-28.0],[-51.0,-27.9],[-51.0,-28.0],[-50.9,-28.0],[-50.9,-28.1],[-50.8,-28.1],[-50.8,-28.2],[-50.7,-28.2],[-50.7,-28.3],[-50.6,-28.3],[-50.6,-28.4],[-50.5,-28.4],[-50.4,-28.4],[-50.3,-28.4],[-50.4,-28.5],[-50.3,-28.5],[-50.3,-28.4],[-50.3,-28.5],[-50.3,-28.4],[-50.2,-28.4],[-50.2,-28.5],[-50.2,-28.4],[-50.2,-28.5],[-50.1,-28.5],[-50.2,-28.5],[-50.1,-28.5],[-50.1,-28.4],[-50.1,-28.5],[-50.0,-28.5],[-50.0,-28.4],[-50.0,-28.5],[-50.0,-28.4],[-50.0,-28.5],[-49.9,-28.5],[-49.9,-28.4],[-49.9,-28.5],[-49.8,-28.5],[-49.7,-28.5],[-49.7,-28.6],[-49.8,-28.6],[-49.8,-28.7],[-49.9,-28.7],[-49.9,-28.8],[-50.0,-28.8],[-49.9,-28.8],[-50.0,-28.8],[-50.0,-28.9],[-49.9,-28.8],[-49.9,-28.9],[-50.0,-28.9],[-49.9,-28.9],[-50.0,-28.9],[-49.9,-28.9],[-50.0,-28.9],[-50.0,-29.0],[-49.9,-29.0],[-50.0,-29.0],[-49.9,-29.0],[-50.0,-29.0],[-50.0,-29.1],[-50.0,-29.2],[-50.1,-29.2],[-50.2,-29.2],[-50.1,-29.2],[-50.2,-29.2],[-50.2,-29.3],[-50.1,-29.2],[-50.2,-29.3],[-50.1,-29.3],[-50.0,-29.3],[-50.0,-29.4],[-50.0,-29.3],[-50.1,-29.3],[-50.1,-29.2],[-50.0,-29.2],[-49.9,-29.2],[-49.8,-29.2],[-49.9,-29.3],[-49.8,-29.3],[-49.7,-29.3],[-49.7,-29.4],[-49.8,-29.4],[-49.8,-29.5],[-49.9,-29.5],[-49.9,-29.6],[-50.0,-29.7],[-50.0,-29.8],[-50.1,-29.9],[-50.1,-30.0],[-50.2,-30.1],[-50.2,-30.2],[-50.2,-30.3],[-50.3,-30.3],[-50.3,-30.4],[-50.3,-30.5],[-50.4,-30.5],[-50.4,-30.6],[-50.5,-30.7],[-50.5,-30.8],[-50.6,-30.8],[-50.6,-30.9],[-50.7,-31.0],[-50.8,-31.1],[-50.8,-31.2],[-50.9,-31.2],[-50.9,-31.3],[-51.0,-31.3],[-51.0,-31.4],[-51.1,-31.4],[-51.2,-31.5],[-51.2,-31.6],[-51.3,-31.6],[-51.5,-31.7],[-51.5,-31.8],[-51.6,-31.8],[-51.7,-31.8],[-51.7,-31.9],[-51.8,-31.9],[-51.9,-32.0],[-52.0,-32.0],[-52.0,-32.1],[-52.1,-32.1],[-52.1,-32.2],[-52.1,-32.1],[-52.0,-32.1],[-52.0,-32.0],[-52.1,-32.0],[-52.0,-32.0],[-52.0,-31.9],[-52.1,-31.9],[-52.1,-31.8],[-52.0,-31.8],[-51.9,-31.9],[-51.8,-31.9],[-51.8,-31.8],[-51.9,-31.8],[-51.8,-31.8],[-51.7,-31.8],[-51.6,-31.8],[-51.6,-31.7],[-51.5,-31.7],[-51.5,-31.6],[-51.4,-31.6],[-51.5,-31.6],[-51.4,-31.5],[-51.5,-31.5],[-51.4,-31.5],[-51.3,-31.5],[-51.2,-31.5],[-51.2,-31.4],[-51.2,-31.3],[-51.2,-31.2],[-51.2,-31.1],[-51.1,-31.1],[-51.0,-31.1],[-51.0,-31.0],[-51.0,-30.9],[-50.9,-30.9],[-50.8,-30.9],[-50.8,-30.8],[-50.7,-30.8],[-50.7,-30.7],[-50.7,-30.6],[-50.7,-30.5],[-50.7,-30.4],[-50.7,-30.3],[-50.7,-30.4],[-50.6,-30.4],[-50.6,-30.3],[-50.6,-30.4],[-50.7,-30.4],[-50.6,-30.5],[-50.6,-30.4],[-50.5,-30.4],[-50.5,-30.3],[-50.6,-30.3],[-50.5,-30.3],[-50.5,-30.2],[-50.6,-30.3],[-50.6,-30.2],[-50.7,-30.2],[-50.7,-30.3],[-50.8,-30.3],[-50.9,-30.3],[-50.9,-30.4],[-51.0,-30.4],[-51.1,-30.4],[-51.0,-30.4],[-51.1,-30.4],[-51.1,-30.3],[-51.0,-30.3],[-51.1,-30.3],[-51.1,-30.2],[-51.1,-30.3],[-51.1,-30.2],[-51.1,-30.3],[-51.2,-30.3],[-51.2,-30.2],[-51.2,-30.1],[-51.3,-30.1],[-51.2,-30.1],[-51.2,-30.0],[-51.3,-30.0],[-51.3,-30.1],[-51.3,-30.0],[-51.3,-30.1],[-51.3,-30.2],[-51.3,-30.3],[-51.3,-30.2],[-51.3,-30.3],[-51.2,-30.3],[-51.2,-30.4],[-51.1,-30.4],[-51.1,-30.5],[-51.1,-30.4],[-51.2,-30.4],[-51.2,-30.5],[-51.3,-30.5],[-51.3,-30.6],[-51.3,-30.7],[-51.3,-30.8],[-51.3,-30.7],[-51.3,-30.6],[-51.4,-30.6],[-51.4,-30.7],[-51.4,-30.8],[-51.4,-30.9],[-51.5,-30.9],[-51.5,-31.0],[-51.5,-31.1],[-51.4,-31.1],[-51.5,-31.1],[-51.6,-31.1],[-51.6,-31.2],[-51.6,-31.3],[-51.7,-31.3],[-51.8,-31.3],[-51.9,-31.3],[-52.0,-31.3],[-52.0,-31.4],[-52.0,-31.5],[-52.0,-31.6],[-52.0,-31.7],[-52.1,-31.7],[-52.0,-31.7],[-52.0,-31.6],[-52.1,-31.6],[-52.0,-31.6]]],[[[-50.0,-29.1],[-49.9,-29.1],[-50.0,-29.1],[-49.9,-29.1],[-50.0,-29.1]]]]}},{"type":"Feature","properties":{"sigla":"SC"},"geometry":{"type":"MultiPolygon","coordinates":[[[[-53.7,-26.6],[-53.7,-26.5],[-53.7,-26.4],[-53.7,-26.3],[-53.6,-26.3],[-53.5,-26.3],[-53.4,-26.3],[-53.4,-26.2],[-53.4,-26.3],[-53.4,-26.2],[-53.4,-26.3],[-53.3,-26.3],[-53.3,-26.2],[-53.3,-26.3],[-53.3,-26.2],[-53.3,-26.3],[-53.2,-26.3],[-53.2,-26.4],[-53.2,-26.3],[-53.1,-26.3],[-53.1,-26.4],[-53.0,-26.4],[-53.0,-26.3],[-52.9,-26.4],[-52.8,-26.3],[-52.8,-26.4],[-52.8,-26.3],[-52.8,-26.4],[-52.8,-26.3],[-52.7,-26.3],[-52.7,-26.4],[-52.6,-26.4],[-52.5,-26.4],[-52.4,-26.4],[-52.3,-26.4],[-52.3,-26.5],[-52.2,-26.5],[-52.2,-26.4],[-52.2,-26.5],[-52.1,-26.5],[-52.0,-26.5],[-52.0,-26.6],[-51.9,-26.6],[-51.8,-26.6],[-51.7,-26.6],[-51.6,-26.6],[-51.5,-26.6],[-51.5,-26.7],[-51.4,-26.7],[-51.3,-26.6],[-51.3,-26.7],[-51.3,-26.6],[-51.2,-26.6],[-51.2,-26.5],[-51.3,-26.5],[-51.3,-26.4],[-51.3,-26.3],[-51.2,-26.3],[-51.1,-26.3],[-51.1,-26.2],[-51.0,-26.2],[-51.0,-26.3],[-50.9,-26.3],[-50.9,-26.2],[-50.9,-26.3],[-50.9,-26.2],[-50.8,-26.3],[-50.8,-26.2],[-50.7,-26.2],[-50.7,-26.1],[-50.6,-26.1],[-50.7,-26.1],[-50.6,-26.1],[-50.6,-26.0],[-50.5,-26.0],[-50.4,-26.0],[-50.4,-26.1],[-50.3,-26.1],[-50.3,-26.0],[-50.3,-26.1],[-50.3,-26.0],[-50.2,-26.0],[-50.2,-26.1],[-50.2,-26.0],[-50.1,-26.0],[-50.2,-26.1],[-50.1,-26.1],[-50.1,-26.0],[-50.1,-26.1],[-50.1,-26.0],[-50.0,-26.0],[-50.0,-26.1],[-49.9,-26.0],[-50.0,-26.0],[-49.9,-26.0],[-49.9,-26.1],[-49.8,-26.1],[-49.7,-26.1],[-49.7,-26.2],[-49.6,-26.2],[-49.5,-26.2],[-49.6,-26.2],[-49.5,-26.2],[-49.4,-26.2],[-49.4,-26.1],[-49.3,-26.1],[-49.3,-26.0],[-49.2,-26.0],[-49.1,-26.0],[-49.0,-26.0],[-48.9,-26.0],[-48.7,-26.0],[-48.6,-26.0],[-48.6,-26.1],[-48.6,-26.2],[-48.5,-26.2],[-48.5,-26.3],[-48.6,-26.3],[-48.6,-26.4],[-48.6,-26.5],[-48.7,-26.5],[-48.7,-26.6],[-48.7,-26.7],[-48.7,-26.8],[-48.6,-26.8],[-48.6,-26.9],[-48.6,-27.0],[-48.6,-27.1],[-48.6,-27.2],[-48.5,-27.2],[-48.5,-27.1],[-48.5,-27.2],[-48.6,-27.2],[-48.6,-27.3],[-48.5,-27.3],[-48.5,-27.4],[-48.6,-27.4],[-48.6,-27.5],[-48.6,-27.6],[-48.6,-27.7],[-48.6,-27.8],[-48.6,-27.9],[-48.6,-27.8],[-48.6,-27.9],[-48.6,-28.0],[-48.6,-28.1],[-48.7,-28.2],[-48.6,-28.2],[-48.7,-28.2],[-48.7,-28.3],[-48.7,-28.4],[-48.8,-28.4],[-48.8,-28.5],[-48.7,-28.5],[-48.8,-28.5],[-48.8,-28.6],[-48.9,-28.6],[-49.0,-28.7],[-49.1,-28.7],[-49.1,-28.8],[-49.2,-28.8],[-49.3,-28.9],[-49.4,-29.0],[-49.5,-29.0],[-49.5,-29.1],[-49.6,-29.2],[-49.7,-29.2],[-49.7,-29.3],[-49.8,-29.3],[-49.9,-29.3],[-49.8,-29.2],[-49.9,-29.2],[-50.0,-29.2],[-50.1,-29.2],[-50.1,-29.3],[-50.0,-29.3],[-50.0,-29.4],[-50.0,-29.3],[-50.1,-29.3],[-50.2,-29.3],[-50.1,-29.2],[-50.2,-29.3],[-50.2,-29.2],[-50.1,-29.2],[-50.2,-29.2],[-50.1,-29.2],[-50.0,-29.2],[-50.0,-29.1],[-49.9,-29.1],[-50.0,-29.1],[-49.9,-29.1],[-50.0,-29.1],[-50.0,-29.0],[-49.9,-29.0],[-50.0,-29.0],[-49.9,-29.0],[-50.0,-29.0],[-50.0,-28.9],[-49.9,-28.9],[-50.0,-28.9],[-49.9,-28.9],[-50.0,-28.9],[-49.9,-28.9],[-49.9,-28.8],[-50.0,-28.9],[-50.0,-28.8],[-49.9,-28.8],[-50.0,-28.8],[-49.9,-28.8],[-49.9,-28.7],[-49.8,-28.7],[-49.8,-28.6],[-49.7,-28.6],[-49.7,-28.5],[-49.8,-28.5],[-49.9,-28.5],[-49.9,-28.4],[-49.9,-28.5],[-50.0,-28.5],[-50.0,-28.4],[-50.0,-28.5],[-50.0,-28.4],[-50.0,-28.5],[-50.1,-28.5],[-50.1,-28.4],[-50.1,-28.5],[-50.2,-28.5],[-50.1,-28.5],[-50.2,-28.5],[-50.2,-28.4],[-50.2,-28.5],[-50.2,-28.4],[-50.3,-28.4],[-50.3,-28.5],[-50.3,-28.4],[-50.3,-28.5],[-50.4,-28.5],[-50.3,-28.4],[-50.4,-28.4],[-50.5,-28.4],[-50.6,-28.4],[-50.6,-28.3],[-50.7,-28.3],[-50.7,-28.2],[-50.8,-28.2],[-50.8,-28.1],[-50.9,-28.1],[-50.9,-28.0],[-51.0,-28.0],[-51.0,-27.9],[-51.0,-28.0],[-51.0,-27.9],[-51.1,-27.9],[-51.1,-27.8],[-51.2,-27.8],[-51.3,-27.7],[-51.4,-27.7],[-51.4,-27.6],[-51.4,-27.7],[-51.4,-27.6],[-51.5,-27.6],[-51.6,-27.6],[-51.6,-27.5],[-51.7,-27.5],[-51.8,-27.5],[-51.9,-27.5],[-51.8,-27.5],[-51.9,-27.5],[-52.0,-27.5],[-51.9,-27.4],[-52.0,-27.4],[-51.9,-27.4],[-52.0,-27.4],[-52.0,-27.3],[-52.1,-27.3],[-52.2,-27.3],[-52.3,-27.3],[-52.2,-27.3],[-52.3,-27.3],[-52.4,-27.3],[-52.4,-27.2],[-52.5,-27.2],[-52.5,-27.3],[-52.5,-27.2],[-52.6,-27.2],[-52.6,-27.3],[-52.7,-27.2],[-52.7,-27.3],[-52.7,-27.2],[-52.7,-27.3],[-52.8,-27.3],[-52.8,-27.2],[-52.9,-27.2],[-53.0,-27.2],[-53.0,-27.1],[-53.0,-27.2],[-53.0,-27.1],[-53.1,-27.1],[-53.1,-27.2],[-53.1,-27.1],[-53.2,-27.1],[-53.2,-27.2],[-53.3,-27.2],[-53.3,-27.1],[-53.4,-27.1],[-53.5,-27.2],[-53.5,-27.1],[-53.5,-27.2],[-53.6,-27.2],[-53.7,-27.2],[-53.8,-27.2],[-53.8,-27.1],[-53.8,-27.2],[-53.8,-27.1],[-53.8,-27.0],[-53.8,-27.1],[-53.8,-27.0],[-53.7,-27.0],[-53.8,-27.0],[-53.7,-27.0],[-53.7,-26.9],[-53.7,-26.8],[-53.7,-26.7],[-53.8,-26.7],[-53.7,-26.7],[-53.7,-26.6],[-53.7,-26.7],[-53.7,-26.6],[-53.8,-26.6],[-53.7,-26.6]]],[[[-48.4,-27.4],[-48.4,-27.5],[-48.4,-27.6],[-48.5,-27.6],[-48.5,-27.7],[-48.5,-27.8],[-48.6,-27.8],[-48.6,-27.7],[-48.6,-27.6],[-48.5,-27.6],[-48.5,-27.7],[-48.5,-27.6],[-48.6,-27.6],[-48.5,-27.6],[-48.5,-27.5],[-48.5,-27.4],[-48.4,-27.4]]]]}},{"type":"Feature","properties":{"sigla":"SE"},"geometry":{"type":"MultiPolygon","coordinates":[[[[-38.0,-9.5],[-37.9,-9.5],[-37.8,-9.6],[-37.7,-9.6],[-37.7,-9.7],[-37.6,-9.7],[-37.5,-9.7],[-37.4,-9.8],[-37.3,-9.8],[-37.3,-9.9],[-37.2,-9.9],[-37.1,-9.9],[-37.1,-10.0],[-37.0,-10.0],[-37.0,-10.1],[-36.9,-10.1],[-36.9,-10.2],[-36.8,-10.2],[-36.7,-10.2],[-36.7,-10.3],[-36.6,-10.3],[-36.6,-10.4],[-36.5,-10.4],[-36.4,-10.4],[-36.4,-10.5],[-36.5,-10.5],[-36.5,-10.6],[-36.6,-10.6],[-36.7,-10.6],[-36.7,-10.7],[-36.8,-10.7],[-36.9,-10.7],[-36.9,-10.8],[-37.0,-10.9],[-37.0,-11.0],[-37.1,-11.0],[-37.1,-11.1],[-37.2,-11.2],[-37.3,-11.3],[-37.3,-11.4],[-37.4,-11.4],[-37.4,-11.5],[-37.5,-11.5],[-37.6,-11.5],[-37.6,-11.6],[-37.6,-11.5],[-37.6,-11.6],[-37.6,-11.5],[-37.7,-11.5],[-37.7,-11.6],[-37.7,-11.5],[-37.7,-11.6],[-37.7,-11.5],[-37.7,-11.6],[-37.7,-11.5],[-37.8,-11.5],[-37.9,-11.5],[-37.9,-11.4],[-37.8,-11.4],[-37.9,-11.4],[-38.0,-11.4],[-38.0,-11.3],[-38.0,-11.2],[-38.1,-11.2],[-38.1,-11.1],[-38.1,-11.0],[-38.2,-11.0],[-38.2,-10.9],[-38.2,-10.8],[-38.2,-10.7],[-38.1,-10.7],[-38.0,-10.7],[-38.0,-10.8],[-37.8,-10.7],[-37.8,-10.6],[-37.8,-10.5],[-37.8,-10.6],[-37.8,-10.5],[-37.9,-10.4],[-37.8,-10.4],[-37.8,-10.3],[-37.7,-10.3],[-37.8,-10.2],[-37.8,-10.1],[-37.8,-10.0],[-37.9,-10.0],[-38.0,-10.0],[-38.0,-9.9],[-38.0,-9.8],[-38.0,-9.7],[-38.0,-9.6],[-38.0,-9.7],[-38.0,-9.6],[-38.0,-9.5]]]]}},{"type":"Feature","properties":{"sigla":"SP"},"geometry":{"type":"MultiPolygon","coordinates":[[[[-46.1,-23.9],[-46.2,-23.9],[-46.1,-23.9],[-46.2,-23.9],[-46.2,-24.0],[-46.3,-24.0],[-46.4,-24.0],[-46.5,-24.0],[-46.6,-24.1],[-46.7,-24.1],[-46.8,-24.2],[-46.9,-24.2],[-46.9,-24.3],[-47.0,-24.3],[-47.0,-24.4],[-47.1,-24.4],[-47.1,-24.5],[-47.2,-24.5],[-47.2,-24.6],[-47.3,-24.6],[-47.4,-24.6],[-47.4,-24.7],[-47.5,-24.7],[-47.6,-24.8],[-47.7,-24.8],[-47.7,-24.9],[-47.8,-24.9],[-47.8,-25.0],[-47.9,-25.0],[-47.9,-25.1],[-47.9,-25.2],[-48.0,-25.2],[-48.0,-25.3],[-48.1,-25.3],[-48.0,-25.2],[-48.1,-25.2],[-48.1,-25.3],[-48.2,-25.2],[-48.2,-25.1],[-48.2,-25.0],[-48.3,-25.0],[-48.3,-25.1],[-48.3,-25.0],[-48.4,-25.0],[-48.5,-25.0],[-48.5,-25.1],[-48.6,-25.1],[-48.6,-25.0],[-48.6,-24.9],[-48.5,-24.9],[-48.6,-24.9],[-48.6,-24.8],[-48.5,-24.8],[-48.5,-24.7],[-48.6,-24.7],[-48.7,-24.7],[-48.8,-24.7],[-48.9,-24.7],[-48.8,-24.7],[-48.9,-24.7],[-49.0,-24.7],[-49.0,-24.6],[-49.0,-24.7],[-49.1,-24.7],[-49.2,-24.7],[-49.3,-24.7],[-49.3,-24.6],[-49.3,-24.5],[-49.3,-24.6],[-49.3,-24.5],[-49.2,-24.5],[-49.3,-24.5],[-49.3,-24.4],[-49.2,-24.4],[-49.3,-24.4],[-49.2,-24.4],[-49.2,-24.3],[-49.3,-24.3],[-49.3,-24.2],[-49.4,-24.2],[-49.3,-24.2],[-49.3,-24.1],[-49.4,-24.1],[-49.5,-24.1],[-49.5,-24.0],[-49.5,-23.9],[-49.6,-23.9],[-49.6,-23.8],[-49.6,-23.7],[-49.5,-23.7],[-49.6,-23.7],[-49.5,-23.7],[-49.6,-23.7],[-49.6,-23.6],[-49.6,-23.5],[-49.6,-23.4],[-49.6,-23.3],[-49.6,-23.2],[-49.7,-23.2],[-49.7,-23.1],[-49.8,-23.1],[-49.9,-23.1],[-49.9,-23.0],[-50.0,-23.0],[-50.0,-22.9],[-50.1,-22.9],[-50.2,-22.9],[-50.2,-23.0],[-50.2,-22.9],[-50.2,-23.0],[-50.2,-22.9],[-50.3,-22.9],[-50.3,-23.0],[-50.3,-22.9],[-50.4,-22.9],[-50.5,-22.9],[-50.6,-22.9],[-50.7,-22.9],[-50.7,-23.0],[-50.8,-22.9],[-50.8,-22.8],[-50.9,-22.8],[-51.0,-22.8],[-51.1,-22.8],[-51.2,-22.8],[-51.2,-22.7],[-51.3,-22.7],[-51.4,-22.7],[-51.5,-22.7],[-51.6,-22.7],[-51.7,-22.7],[-51.7,-22.6],[-51.8,-22.6],[-51.9,-22.6],[-52.0,-22.6],[-52.0,-22.5],[-52.1,-22.5],[-52.2,-22.6],[-52.2,-22.7],[-52.2,-22.6],[-52.3,-22.6],[-52.4,-22.6],[-52.5,-22.6],[-52.6,-22.6],[-52.7,-22.6],[-52.8,-22.6],[-52.9,-22.6],[-53.0,-22.6],[-53.1,-22.6],[-53.1,-22.7],[-53.1,-22.6],[-53.1,-22.5],[-53.0,-22.5],[-52.9,-22.5],[-52.9,-22.4],[-52.8,-22.4],[-52.7,-22.3],[-52.6,-22.3],[-52.6,-22.2],[-52.5,-22.2],[-52.4,-22.1],[-52.3,-22.1],[-52.3,-22.0],[-52.3,-21.9],[-52.2,-21.9],[-52.2,-21.8],[-52.1,-21.8],[-52.1,-21.7],[-52.0,-21.7],[-52.0,-21.6],[-52.1,-21.6],[-52.1,-21.5],[-52.0,-21.5],[-51.9,-21.5],[-51.9,-21.4],[-51.9,-21.3],[-51.8,-21.3],[-51.9,-21.3],[-51.9,-21.2],[-51.9,-21.1],[-51.8,-21.1],[-51.8,-21.0],[-51.7,-21.0],[-51.6,-20.9],[-51.6,-20.8],[-51.6,-20.7],[-51.6,-20.6],[-51.5,-20.6],[-51.5,-20.5],[-51.4,-20.5],[-51.4,-20.4],[-51.3,-20.4],[-51.3,-20.3],[-51.2,-20.3],[-51.1,-20.3],[-51.1,-20.2],[-51.0,-20.2],[-51.0,-20.1],[-51.0,-20.0],[-50.9,-20.0],[-50.8,-20.0],[-50.8,-19.9],[-50.7,-19.9],[-50.6,-19.9],[-50.6,-19.8],[-50.5,-19.8],[-50.4,-19.8],[-50.4,-19.9],[-50.3,-19.9],[-50.2,-19.9],[-50.1,-19.9],[-50.0,-19.9],[-49.9,-19.9],[-49.8,-19.9],[-49.7,-19.9],[-49.6,-19.9],[-49.5,-19.9],[-49.5,-20.0],[-49.4,-20.0],[-49.3,-20.0],[-49.2,-20.0],[-49.3,-20.0],[-49.3,-20.1],[-49.3,-20.2],[-49.3,-20.3],[-49.2,-20.3],[-49.1,-20.3],[-49.1,-20.2],[-49.0,-20.2],[-49.0,-20.3],[-49.0,-20.4],[-48.9,-20.4],[-48.9,-20.3],[-48.9,-20.2],[-48.8,-20.2],[-48.7,-20.2],[-48.7,-20.1],[-48.7,-20.2],[-48.6,-20.2],[-48.6,-20.1],[-48.5,-20.1],[-48.4,-20.1],[-48.3,-20.1],[-48.2,-20.1],[-48.3,-20.1],[-48.2,-20.0],[-48.2,-20.1],[-48.1,-20.1],[-48.0,-20.1],[-48.0,-20.0],[-47.9,-20.1],[-47.9,-20.0],[-47.8,-20.0],[-47.7,-20.0],[-47.6,-20.0],[-47.5,-20.0],[-47.4,-20.0],[-47.4,-20.1],[-47.3,-20.1],[-47.3,-20.2],[-47.2,-20.2],[-47.2,-20.3],[-47.3,-20.3],[-47.3,-20.4],[-47.3,-20.5],[-47.2,-20.5],[-47.1,-20.5],[-47.1,-20.6],[-47.1,-20.7],[-47.2,-20.7],[-47.2,-20.8],[-47.2,-20.9],[-47.2,-21.0],[-47.1,-21.0],[-47.2,-21.0],[-47.1,-21.0],[-47.1,-21.1],[-47.1,-21.2],[-47.1,-21.3],[-47.0,-21.3],[-47.0,-21.4],[-46.9,-21.4],[-46.8,-21.4],[-46.7,-21.4],[-46.6,-21.4],[-46.5,-21.4],[-46.5,-21.5],[-46.5,-21.6],[-46.6,-21.6],[-46.5,-21.6],[-46.6,-21.7],[-46.6,-21.8],[-46.7,-21.8],[-46.7,-21.9],[-46.6,-21.9],[-46.7,-21.9],[-46.7,-22.0],[-46.6,-22.0],[-46.7,-22.0],[-46.7,-22.1],[-46.6,-22.1],[-46.6,-22.2],[-46.7,-22.2],[-46.7,-22.3],[-46.7,-22.4],[-46.6,-22.4],[-46.6,-22.5],[-46.6,-22.4],[-46.5,-22.5],[-46.6,-22.5],[-46.5,-22.5],[-46.4,-22.5],[-46.4,-22.6],[-46.4,-22.7],[-46.5,-22.7],[-46.4,-22.7],[-46.4,-22.8],[-46.3,-22.8],[-46.4,-22.8],[-46.4,-22.9],[-46.3,-22.9],[-46.2,-22.9],[-46.1,-22.9],[-46.2,-22.9],[-46.1,-22.9],[-46.0,-22.9],[-45.9,-22.8],[-45.9,-22.9],[-45.9,-22.8],[-45.8,-22.8],[-45.8,-22.9],[-45.8,-22.8],[-45.7,-22.8],[-45.7,-22.7],[-45.8,-22.7],[-45.7,-22.7],[-45.7,-22.6],[-45.7,-22.7],[-45.6,-22.6],[-45.6,-22.7],[-45.5,-22.7],[-45.5,-22.6],[-45.4,-22.6],[-45.4,-22.7],[-45.4,-22.6],[-45.3,-22.6],[-45.2,-22.6],[-45.2,-22.5],[-45.1,-22.5],[-45.0,-22.5],[-44.9,-22.5],[-44.9,-22.4],[-44.8,-22.4],[-44.7,-22.4],[-44.7,-22.5],[-44.7,-22.6],[-44.6,-22.6],[-44.5,-22.6],[-44.4,-22.6],[-44.3,-22.6],[-44.4,-22.6],[-44.3,-22.6],[-44.2,-22.6],[-44.2,-22.7],[-44.2,-22.8],[-44.3,-22.8],[-44.2,-22.8],[-44.3,-22.8],[-44.4,-22.8],[-44.4,-22.9],[-44.4,-22.8],[-44.4,-22.9],[-44.5,-22.9],[-44.5,-22.8],[-44.5,-22.9],[-44.6,-22.9],[-44.7,-22.9],[-44.8,-23.0],[-44.7,-23.0],[-44.8,-23.0],[-44.8,-23.1],[-44.8,-23.2],[-44.9,-23.2],[-44.8,-23.3],[-44.7,-23.4],[-44.8,-23.4],[-44.9,-23.4],[-44.9,-23.3],[-44.9,-23.4],[-45.0,-23.4],[-45.1,-23.4],[-45.1,-23.5],[-45.0,-23.5],[-45.0,-23.4],[-45.0,-23.5],[-45.1,-23.5],[-45.2,-23.5],[-45.2,-23.6],[-45.3,-23.6],[-45.4,-23.6],[-45.4,-23.7],[-45.4,-23.8],[-45.5,-23.8],[-45.6,-23.8],[-45.7,-23.8],[-45.8,-23.8],[-45.9,-23.8],[-46.0,-23.8],[-46.1,-23.8],[-46.0,-23.8],[-46.1,-23.8],[-46.1,-23.9]]],[[[-45.3,-23.9],[-45.4,-23.9],[-45.5,-23.9],[-45.4,-23.9],[-45.4,-23.8],[-45.3,-23.8],[-45.4,-23.8],[-45.3,-23.7],[-45.3,-23.8],[-45.2,-23.8],[-45.3,-23.8],[-45.3,-23.9],[-45.2,-23.9],[-45.2,-24.0],[-45.3,-24.0],[-45.3,-23.9]]],[[[-45.1,-23.5],[-45.0,-23.5],[-45.1,-23.5],[-45.1,-23.6],[-45.1,-23.5]]]]}},{"type":"Feature","properties":{"sigla":"TO"},"geometry":{"type":"MultiPolygon","coordinates":[[[[-47.0,-9.0],[-47.1,-9.0],[-47.0,-9.0],[-47.1,-9.0],[-47.1,-9.1],[-47.0,-9.1],[-46.9,-9.1],[-46.9,-9.2],[-46.8,-9.2],[-46.9,-9.2],[-46.8,-9.2],[-46.8,-9.3],[-46.8,-9.4],[-46.7,-9.4],[-46.6,-9.4],[-46.6,-9.5],[-46.5,-9.5],[-46.5,-9.6],[-46.6,-9.6],[-46.6,-9.7],[-46.7,-9.7],[-46.6,-9.7],[-46.6,-9.8],[-46.5,-9.8],[-46.5,-9.9],[-46.5,-10.0],[-46.5,-10.1],[-46.4,-10.1],[-46.4,-10.2],[-46.3,-10.2],[-46.2,-10.2],[-46.1,-10.2],[-46.0,-10.2],[-46.0,-10.3],[-46.0,-10.2],[-45.9,-10.3],[-45.9,-10.2],[-45.8,-10.3],[-45.7,-10.2],[-45.7,-10.3],[-45.8,-10.4],[-45.9,-10.4],[-45.9,-10.5],[-46.0,-10.5],[-46.0,-10.6],[-46.1,-10.6],[-46.2,-10.6],[-46.2,-10.7],[-46.3,-10.8],[-46.2,-10.8],[-46.3,-10.8],[-46.3,-10.9],[-46.4,-11.0],[-46.4,-11.1],[-46.5,-11.2],[-46.6,-11.2],[-46.6,-11.3],[-46.6,-11.4],[-46.5,-11.4],[-46.5,-11.5],[-46.4,-11.5],[-46.3,-11.5],[-46.3,-11.6],[-46.2,-11.6],[-46.1,-11.6],[-46.1,-11.7],[-46.2,-11.7],[-46.2,-11.6],[-46.3,-11.6],[-46.3,-11.7],[-46.4,-11.7],[-46.4,-11.8],[-46.3,-11.8],[-46.4,-11.8],[-46.3,-11.8],[-46.4,-11.8],[-46.4,-11.9],[-46.3,-11.9],[-46.2,-11.9],[-46.3,-11.9],[-46.3,-12.0],[-46.4,-12.0],[-46.4,-12.1],[-46.4,-12.2],[-46.4,-12.3],[-46.3,-12.3],[-46.4,-12.3],[-46.3,-12.3],[-46.3,-12.4],[-46.2,-12.4],[-46.2,-12.5],[-46.3,-12.5],[-46.2,-12.5],[-46.3,-12.5],[-46.3,-12.6],[-46.3,-12.7],[-46.3,-12.8],[-46.3,-12.9],[-46.2,-12.9],[-46.1,-12.9],[-46.2,-12.9],[-46.2,-13.0],[-46.3,-13.0],[-46.4,-13.0],[-46.4,-12.9],[-46.4,-12.8],[-46.4,-12.9],[-46.4,-12.8],[-46.4,-12.9],[-46.5,-13.0],[-46.6,-13.0],[-46.8,-13.0],[-46.8,-13.1],[-46.9,-13.1],[-46.9,-13.0],[-46.9,-13.1],[-47.0,-13.1],[-47.0,-13.2],[-47.0,-13.1],[-47.0,-13.2],[-47.1,-13.2],[-47.2,-13.2],[-47.3,-13.2],[-47.2,-13.2],[-47.3,-13.2],[-47.3,-13.3],[-47.3,-13.2],[-47.3,-13.3],[-47.3,-13.2],[-47.4,-13.2],[-47.4,-13.3],[-47.5,-13.2],[-47.4,-13.2],[-47.5,-13.2],[-47.6,-13.2],[-47.6,-13.1],[-47.7,-13.1],[-47.6,-13.1],[-47.7,-13.1],[-47.7,-13.2],[-47.6,-13.2],[-47.6,-13.3],[-47.7,-13.3],[-47.6,-13.4],[-47.7,-13.4],[-47.7,-13.5],[-47.8,-13.3],[-47.9,-13.3],[-48.0,-13.3],[-48.1,-13.3],[-48.1,-13.2],[-48.1,-13.3],[-48.2,-13.3],[-48.2,-13.2],[-48.1,-13.2],[-48.2,-13.2],[-48.2,-13.1],[-48.2,-13.2],[-48.3,-13.2],[-48.4,-13.2],[-48.4,-13.3],[-48.5,-13.3],[-48.5,-13.2],[-48.5,-13.1],[-48.5,-13.2],[-48.6,-13.2],[-48.5,-13.2],[-48.6,-13.2],[-48.6,-13.3],[-48.6,-13.2],[-48.6,-13.1],[-48.6,-13.0],[-48.7,-13.0],[-48.7,-12.9],[-48.8,-12.9],[-48.8,-12.8],[-48.9,-12.8],[-48.9,-12.9],[-49.0,-13.0],[-49.0,-12.9],[-49.1,-12.9],[-49.1,-12.8],[-49.2,-12.8],[-49.2,-12.9],[-49.3,-12.9],[-49.3,-13.0],[-49.3,-13.1],[-49.4,-13.1],[-49.3,-13.1],[-49.4,-13.1],[-49.4,-13.2],[-49.3,-13.2],[-49.3,-13.3],[-49.4,-13.3],[-49.5,-13.2],[-49.6,-13.1],[-49.8,-13.0],[-49.9,-13.0],[-50.0,-13.0],[-50.0,-12.9],[-50.1,-12.9],[-50.2,-12.9],[-50.3,-12.9],[-50.3,-12.8],[-50.3,-12.7],[-50.3,-12.6],[-50.2,-12.6],[-50.2,-12.5],[-50.2,-12.4],[-50.1,-12.4],[-50.2,-12.4],[-50.2,-12.5],[-50.3,-12.5],[-50.4,-12.5],[-50.4,-12.6],[-50.4,-12.7],[-50.4,-12.6],[-50.4,-12.7],[-50.5,-12.7],[-50.5,-12.8],[-50.5,-12.9],[-50.5,-12.8],[-50.6,-12.8],[-50.6,-12.7],[-50.7,-12.7],[-50.6,-12.7],[-50.7,-12.6],[-50.7,-12.5],[-50.6,-12.5],[-50.7,-12.5],[-50.6,-12.5],[-50.6,-12.4],[-50.6,-12.3],[-50.6,-12.2],[-50.7,-12.2],[-50.7,-12.1],[-50.7,-12.0],[-50.7,-11.9],[-50.6,-11.9],[-50.7,-11.9],[-50.7,-11.8],[-50.7,-11.7],[-50.7,-11.6],[-50.7,-11.5],[-50.7,-11.4],[-50.7,-11.3],[-50.7,-11.2],[-50.7,-11.1],[-50.6,-11.1],[-50.6,-11.0],[-50.6,-10.9],[-50.6,-10.8],[-50.6,-10.7],[-50.6,-10.6],[-50.5,-10.6],[-50.5,-10.5],[-50.5,-10.4],[-50.4,-10.4],[-50.4,-10.3],[-50.4,-10.2],[-50.4,-10.1],[-50.3,-10.1],[-50.3,-10.0],[-50.3,-9.9],[-50.2,-9.9],[-50.2,-9.8],[-50.2,-9.7],[-50.1,-9.7],[-50.1,-9.6],[-50.1,-9.5],[-50.1,-9.4],[-50.1,-9.3],[-50.0,-9.3],[-50.0,-9.2],[-49.9,-9.2],[-49.9,-9.1],[-49.8,-9.0],[-49.8,-8.9],[-49.7,-8.9],[-49.6,-8.8],[-49.5,-8.8],[-49.5,-8.7],[-49.5,-8.6],[-49.4,-8.6],[-49.4,-8.5],[-49.3,-8.4],[-49.3,-8.3],[-49.2,-8.2],[-49.2,-8.1],[-49.2,-8.0],[-49.2,-7.9],[-49.2,-7.8],[-49.1,-7.8],[-49.2,-7.8],[-49.2,-7.7],[-49.3,-7.7],[-49.4,-7.6],[-49.4,-7.5],[-49.3,-7.4],[-49.3,-7.3],[-49.2,-7.3],[-49.2,-7.2],[-49.2,-7.1],[-49.2,-7.0],[-49.2,-6.9],[-49.1,-6.9],[-49.1,-6.8],[-49.0,-6.8],[-48.9,-6.8],[-48.8,-6.7],[-48.8,-6.8],[-48.8,-6.7],[-48.7,-6.7],[-48.7,-6.6],[-48.7,-6.5],[-48.6,-6.5],[-48.6,-6.4],[-48.5,-6.4],[-48.4,-6.4],[-48.4,-6.3],[-48.4,-6.2],[-48.4,-6.1],[-48.3,-6.1],[-48.3,-6.0],[-48.2,-6.0],[-48.2,-5.9],[-48.3,-5.9],[-48.3,-5.8],[-48.3,-5.7],[-48.2,-5.7],[-48.1,-5.6],[-48.2,-5.6],[-48.3,-5.5],[-48.3,-5.4],[-48.4,-5.4],[-48.5,-5.4],[-48.6,-5.4],[-48.7,-5.4],[-48.8,-5.4],[-48.8,-5.3],[-48.7,-5.4],[-48.7,-5.3],[-48.7,-5.4],[-48.7,-5.3],[-48.6,-5.3],[-48.6,-5.2],[-48.5,-5.2],[-48.4,-5.2],[-48.3,-5.2],[-48.2,-5.2],[-48.2,-5.3],[-48.1,-5.3],[-48.0,-5.3],[-48.0,-5.2],[-47.9,-5.2],[-47.9,-5.3],[-47.8,-5.4],[-47.7,-5.4],[-47.6,-5.5],[-47.5,-5.5],[-47.5,-5.6],[-47.5,-5.7],[-47.5,-5.8],[-47.4,-5.8],[-47.4,-5.9],[-47.4,-6.0],[-47.4,-6.1],[-47.4,-6.2],[-47.4,-6.3],[-47.4,-6.4],[-47.4,-6.5],[-47.5,-6.5],[-47.5,-6.6],[-47.5,-6.7],[-47.5,-6.8],[-47.5,-6.9],[-47.5,-7.0],[-47.6,-7.0],[-47.6,-7.1],[-47.7,-7.2],[-47.7,-7.1],[-47.7,-7.2],[-47.7,-7.3],[-47.6,-7.3],[-47.5,-7.3],[-47.5,-7.4],[-47.6,-7.4],[-47.5,-7.4],[-47.5,-7.5],[-47.4,-7.5],[-47.4,-7.6],[-47.4,-7.7],[-47.4,-7.6],[-47.3,-7.6],[-47.3,-7.7],[-47.3,-7.8],[-47.2,-7.8],[-47.3,-7.8],[-47.2,-7.8],[-47.2,-7.9],[-47.1,-7.9],[-47.1,-8.0],[-47.0,-8.0],[-47.0,-8.1],[-47.0,-8.0],[-47.0,-8.1],[-47.0,-8.0],[-46.9,-8.0],[-46.8,-8.0],[-46.8,-7.9],[-46.8,-8.0],[-46.8,-7.9],[-46.8,-8.0],[-46.8,-7.9],[-46.7,-7.9],[-46.6,-7.9],[-46.5,-7.9],[-46.5,-8.0],[-46.5,-8.1],[-46.5,-8.2],[-46.5,-8.3],[-46.6,-8.3],[-46.7,-8.3],[-46.7,-8.4],[-46.8,-8.4],[-46.8,-8.5],[-46.9,-8.5],[-46.8,-8.5],[-46.9,-8.5],[-46.8,-8.5],[-46.9,-8.5],[-46.8,-8.5],[-46.9,-8.5],[-46.8,-8.5],[-46.9,-8.5],[-46.9,-8.6],[-46.9,-8.7],[-46.9,-8.8],[-46.9,-8.9],[-47.0,-8.9],[-47.0,-9.0]]]]}},{"type":"Feature","properties":{"sigla":"DF"},"geometry":{"type":"MultiPolygon","coordinates":[[[[-47.3,-16.0],[-47.3,-16.1],[-47.4,-16.0],[-47.5,-16.0],[-47.6,-16.0],[-47.7,-16.1],[-47.8,-16.1],[-47.9,-16.1],[-48.0,-16.1],[-48.1,-16.1],[-48.2,-16.1],[-48.3,-16.1],[-48.3,-16.0],[-48.3,-15.9],[-48.3,-15.8],[-48.2,-15.8],[-48.2,-15.7],[-48.2,-15.6],[-48.2,-15.5],[-48.1,-15.5],[-48.0,-15.5],[-47.6,-15.5],[-47.5,-15.5],[-47.4,-15.5],[-47.4,-15.6],[-47.3,-15.6],[-47.3,-15.7],[-47.3,-15.8],[-47.4,-15.8],[-47.4,-15.9],[-47.4,-16.0],[-47.3,-16.0]]]]}}]}